danceability,energy,key,loudness,mode,speechiness,acousticness,instrumentalness,liveness,valence,tempo,type,id,uri,track_href,analysis_url,duration_ms,time_signature,genre_playlist,name,artist
0.754,0.785,10,-8.178,0,0.18,0.0287,0.00144,0.319,0.821,94.123,audio_features,0XgpiStoxq1IJncYlPrvZ5,spotify:track:0XgpiStoxq1IJncYlPrvZ5,https://api.spotify.com/v1/tracks/0XgpiStoxq1IJncYlPrvZ5,https://api.spotify.com/v1/audio-analysis/0XgpiStoxq1IJncYlPrvZ5,296267,4,JAZZ-Y.,Runnin',The Pharcyde
0.843,0.585,1,-14.268,1,0.0652,0.64,0.0456,0.131,0.835,91.937,audio_features,1BXastKgdI3AiFipVt69Fv,spotify:track:1BXastKgdI3AiFipVt69Fv,https://api.spotify.com/v1/tracks/1BXastKgdI3AiFipVt69Fv,https://api.spotify.com/v1/audio-analysis/1BXastKgdI3AiFipVt69Fv,279373,4,JAZZ-Y.,Jettin',Digable Planets
0.758,0.845,2,-8.021,1,0.272,0.121,0.0,0.328,0.944,76.882,audio_features,1KcZRMyC2tSs3CMIsng9wx,spotify:track:1KcZRMyC2tSs3CMIsng9wx,https://api.spotify.com/v1/tracks/1KcZRMyC2tSs3CMIsng9wx,https://api.spotify.com/v1/audio-analysis/1KcZRMyC2tSs3CMIsng9wx,321507,4,JAZZ-Y.,Otha Fish,The Pharcyde
0.884,0.334,1,-18.943,0,0.228,0.0476,0.0588,0.107,0.571,98.315,audio_features,26q6YTrXt9l8qshIveiTX9,spotify:track:26q6YTrXt9l8qshIveiTX9,https://api.spotify.com/v1/tracks/26q6YTrXt9l8qshIveiTX9,https://api.spotify.com/v1/audio-analysis/26q6YTrXt9l8qshIveiTX9,261267,4,JAZZ-Y.,Rebirth Of Slick (Cool Like Dat),Digable Planets
0.876,0.42,0,-18.246,0,0.279,0.188,0.00186,0.0668,0.706,98.304,audio_features,1962ZwEY7WNQLcmYFn3eR9,spotify:track:1962ZwEY7WNQLcmYFn3eR9,https://api.spotify.com/v1/tracks/1962ZwEY7WNQLcmYFn3eR9,https://api.spotify.com/v1/audio-analysis/1962ZwEY7WNQLcmYFn3eR9,275342,4,JAZZ-Y.,Where I'm From,Digable Planets
0.888,0.574,9,-6.286,1,0.172,0.138,7.16e-05,0.211,0.696,104.716,audio_features,7EhEPcPa60LlvGuG9R1DOx,spotify:track:7EhEPcPa60LlvGuG9R1DOx,https://api.spotify.com/v1/tracks/7EhEPcPa60LlvGuG9R1DOx,https://api.spotify.com/v1/audio-analysis/7EhEPcPa60LlvGuG9R1DOx,282520,4,JAZZ-Y.,Luck of Lucien,A Tribe Called Quest
0.749,0.839,1,-9.173,0,0.231,0.0364,0.0,0.134,0.64,87.587,audio_features,0msneWUDfYKAGrifwEDhtl,spotify:track:0msneWUDfYKAGrifwEDhtl,https://api.spotify.com/v1/tracks/0msneWUDfYKAGrifwEDhtl,https://api.spotify.com/v1/audio-analysis/0msneWUDfYKAGrifwEDhtl,271080,4,JAZZ-Y.,San Francisco Knights,People Under The Stairs
0.759,0.756,4,-8.145,0,0.266,0.0903,2.36e-06,0.265,0.613,87.059,audio_features,4G3dZN9o3o2X4VKwt4CLts,spotify:track:4G3dZN9o3o2X4VKwt4CLts,https://api.spotify.com/v1/tracks/4G3dZN9o3o2X4VKwt4CLts,https://api.spotify.com/v1/audio-analysis/4G3dZN9o3o2X4VKwt4CLts,303493,4,JAZZ-Y.,Passin' Me By,The Pharcyde
0.801,0.757,7,-8.01,1,0.316,0.478,1.32e-05,0.163,0.607,88.025,audio_features,6dRj771QZr0KOQVwaB6ykM,spotify:track:6dRj771QZr0KOQVwaB6ykM,https://api.spotify.com/v1/tracks/6dRj771QZr0KOQVwaB6ykM,https://api.spotify.com/v1/audio-analysis/6dRj771QZr0KOQVwaB6ykM,276373,4,JAZZ-Y.,Grown Man Sport,Pete Rock
0.833,0.659,1,-6.12,1,0.284,0.059,7.06e-05,0.594,0.495,93.997,audio_features,2sH8oCfst77XWEyzJgTzhU,spotify:track:2sH8oCfst77XWEyzJgTzhU,https://api.spotify.com/v1/tracks/2sH8oCfst77XWEyzJgTzhU,https://api.spotify.com/v1/audio-analysis/2sH8oCfst77XWEyzJgTzhU,250307,4,JAZZ-Y.,Dynomite,Lone Catalysts
0.767,0.732,10,-4.297,0,0.355,0.149,0.0,0.923,0.843,93.108,audio_features,0uCIPyaPjArUBR1dyGiRfs,spotify:track:0uCIPyaPjArUBR1dyGiRfs,https://api.spotify.com/v1/tracks/0uCIPyaPjArUBR1dyGiRfs,https://api.spotify.com/v1/audio-analysis/0uCIPyaPjArUBR1dyGiRfs,253068,4,JAZZ-Y.,2000 Seasons,Talib Kweli
0.836,0.812,2,-6.985,1,0.215,0.188,1.82e-06,0.0982,0.769,92.009,audio_features,7oFiFPltiQTBqVutyiSwvE,spotify:track:7oFiFPltiQTBqVutyiSwvE,https://api.spotify.com/v1/tracks/7oFiFPltiQTBqVutyiSwvE,https://api.spotify.com/v1/audio-analysis/7oFiFPltiQTBqVutyiSwvE,145707,4,JAZZ-Y.,Figaro,Madvillain
0.773,0.581,8,-8.466,1,0.432,0.0352,0.0,0.485,0.711,94.093,audio_features,2MAaiV0bbeq4FpSwPe2rR8,spotify:track:2MAaiV0bbeq4FpSwPe2rR8,https://api.spotify.com/v1/tracks/2MAaiV0bbeq4FpSwPe2rR8,https://api.spotify.com/v1/audio-analysis/2MAaiV0bbeq4FpSwPe2rR8,203067,4,JAZZ-Y.,Find a Way,A Tribe Called Quest
0.721,0.949,6,-5.685,1,0.278,0.0495,0.0,0.327,0.835,83.028,audio_features,20DcrlNK0NcRknbX4wcEO4,spotify:track:20DcrlNK0NcRknbX4wcEO4,https://api.spotify.com/v1/tracks/20DcrlNK0NcRknbX4wcEO4,https://api.spotify.com/v1/audio-analysis/20DcrlNK0NcRknbX4wcEO4,240093,4,JAZZ-Y.,Luchini AKA This Is It,Camp Lo
0.618,0.711,2,-6.841,1,0.342,0.41,0.0,0.615,0.659,97.337,audio_features,5v9isbe4BHsWc9N25MmWfj,spotify:track:5v9isbe4BHsWc9N25MmWfj,https://api.spotify.com/v1/tracks/5v9isbe4BHsWc9N25MmWfj,https://api.spotify.com/v1/audio-analysis/5v9isbe4BHsWc9N25MmWfj,165693,4,JAZZ-Y.,Whenimondamic,Lootpack
0.619,0.608,5,-5.713,0,0.241,0.579,2.11e-05,0.221,0.633,79.683,audio_features,37HUD7Mr1zOIDW1QuOgaZH,spotify:track:37HUD7Mr1zOIDW1QuOgaZH,https://api.spotify.com/v1/tracks/37HUD7Mr1zOIDW1QuOgaZH,https://api.spotify.com/v1/audio-analysis/37HUD7Mr1zOIDW1QuOgaZH,290280,4,JAZZ-Y.,Nightmares (feat. Bilal & Pharrell Williams),Clipse
0.678,0.794,10,-6.186,0,0.14,0.274,1.68e-06,0.124,0.54,87.374,audio_features,7G3lxTsMfSx4yarMkfgnTC,spotify:track:7G3lxTsMfSx4yarMkfgnTC,https://api.spotify.com/v1/tracks/7G3lxTsMfSx4yarMkfgnTC,https://api.spotify.com/v1/audio-analysis/7G3lxTsMfSx4yarMkfgnTC,290573,4,JAZZ-Y.,The World Is Yours,Nas
0.529,0.894,2,-3.599,1,0.0412,0.308,5.38e-06,0.254,0.543,108.024,audio_features,3lB0GMiI5KxDbTOG8V3bOx,spotify:track:3lB0GMiI5KxDbTOG8V3bOx,https://api.spotify.com/v1/tracks/3lB0GMiI5KxDbTOG8V3bOx,https://api.spotify.com/v1/audio-analysis/3lB0GMiI5KxDbTOG8V3bOx,253347,4,INDIE.,waves - Tame Impala Remix,Miguel
0.62,0.594,9,-16.066,1,0.0383,0.887,0.5,0.0917,0.698,165.861,audio_features,6TEiFwaiHERpdfG6WnGed1,spotify:track:6TEiFwaiHERpdfG6WnGed1,https://api.spotify.com/v1/tracks/6TEiFwaiHERpdfG6WnGed1,https://api.spotify.com/v1/audio-analysis/6TEiFwaiHERpdfG6WnGed1,167987,4,INDIE.,New Flesh,Current Joys
0.633,0.537,6,-10.45,0,0.0544,0.0141,3.72e-05,0.103,0.889,117.907,audio_features,5uIRujGRZv5t4fGKkUTv4n,spotify:track:5uIRujGRZv5t4fGKkUTv4n,https://api.spotify.com/v1/tracks/5uIRujGRZv5t4fGKkUTv4n,https://api.spotify.com/v1/audio-analysis/5uIRujGRZv5t4fGKkUTv4n,197947,4,INDIE.,Feeling Lonely,boy pablo
0.677,0.423,9,-8.226,0,0.123,0.226,0.0,0.281,0.422,118.036,audio_features,5O06k1mpaajgmj5zPFrZF0,spotify:track:5O06k1mpaajgmj5zPFrZF0,https://api.spotify.com/v1/tracks/5O06k1mpaajgmj5zPFrZF0,https://api.spotify.com/v1/audio-analysis/5O06k1mpaajgmj5zPFrZF0,121404,4,INDIE.,Now You Know,Will Paquin
0.452,0.689,5,-6.194,0,0.0422,0.383,0.011,0.273,0.342,206.733,audio_features,0yzbBhKzbPnAwxT1UNKfHS,spotify:track:0yzbBhKzbPnAwxT1UNKfHS,https://api.spotify.com/v1/tracks/0yzbBhKzbPnAwxT1UNKfHS,https://api.spotify.com/v1/audio-analysis/0yzbBhKzbPnAwxT1UNKfHS,229121,4,INDIE.,Treat Her Better,Mac DeMarco
0.603,0.864,4,-3.341,0,0.0668,0.055,0.00493,0.0986,0.616,160.488,audio_features,5773KSWFzg9kCc8yazjbSt,spotify:track:5773KSWFzg9kCc8yazjbSt,https://api.spotify.com/v1/tracks/5773KSWFzg9kCc8yazjbSt,https://api.spotify.com/v1/audio-analysis/5773KSWFzg9kCc8yazjbSt,184627,4,INDIE.,Deceptacon,Le Tigre
0.513,0.724,10,-5.945,0,0.0323,0.0658,0.0208,0.415,0.707,78.995,audio_features,2sRuOQ3fg1EGzzcuBgohJX,spotify:track:2sRuOQ3fg1EGzzcuBgohJX,https://api.spotify.com/v1/tracks/2sRuOQ3fg1EGzzcuBgohJX,https://api.spotify.com/v1/audio-analysis/2sRuOQ3fg1EGzzcuBgohJX,265500,4,INDIE.,Televendite di quadri,Post Nebbia
0.662,0.444,10,-10.417,0,0.0362,0.0245,0.000323,0.0947,0.477,94.985,audio_features,5HxZVwYpdu1SgUvl411nZ6,spotify:track:5HxZVwYpdu1SgUvl411nZ6,https://api.spotify.com/v1/tracks/5HxZVwYpdu1SgUvl411nZ6,https://api.spotify.com/v1/audio-analysis/5HxZVwYpdu1SgUvl411nZ6,244000,4,INDIE.,FORCE OF HABIT,Paris Texas
0.366,0.94,1,-5.119,0,0.0696,0.000769,9.42e-05,0.188,0.369,130.198,audio_features,5FZxsHWIvUsmSK1IAvm2pp,spotify:track:5FZxsHWIvUsmSK1IAvm2pp,https://api.spotify.com/v1/tracks/5FZxsHWIvUsmSK1IAvm2pp,https://api.spotify.com/v1/audio-analysis/5FZxsHWIvUsmSK1IAvm2pp,255627,4,ROCK.,Best of You,Foo Fighters
0.0844,0.953,5,-3.285,0,0.126,0.000779,0.000104,0.217,0.257,188.221,audio_features,4sWlbTpB8oa3zOyc0zSF6G,spotify:track:4sWlbTpB8oa3zOyc0zSF6G,https://api.spotify.com/v1/tracks/4sWlbTpB8oa3zOyc0zSF6G,https://api.spotify.com/v1/audio-analysis/4sWlbTpB8oa3zOyc0zSF6G,392733,4,ROCK.,Slide Away,Oasis
0.279,0.854,9,-5.351,0,0.0565,0.028,0.0,0.295,0.74,169.299,audio_features,4Is9kpnKPf5nKIX8A3fGdP,spotify:track:4Is9kpnKPf5nKIX8A3fGdP,https://api.spotify.com/v1/tracks/4Is9kpnKPf5nKIX8A3fGdP,https://api.spotify.com/v1/audio-analysis/4Is9kpnKPf5nKIX8A3fGdP,192600,4,ROCK.,Oil,The Kooks
0.238,0.919,0,-6.893,1,0.0816,0.0257,2.31e-05,0.0914,0.123,101.752,audio_features,6C0xucNj75wRdlejwWIEW1,spotify:track:6C0xucNj75wRdlejwWIEW1,https://api.spotify.com/v1/tracks/6C0xucNj75wRdlejwWIEW1,https://api.spotify.com/v1/audio-analysis/6C0xucNj75wRdlejwWIEW1,214373,4,ROCK.,Club Foot,Kasabian
0.597,0.911,1,-4.1,1,0.0644,4.22e-05,0.00137,0.096,0.314,127.993,audio_features,0cWKmpopb9Qm9mbJimBarQ,spotify:track:0cWKmpopb9Qm9mbJimBarQ,https://api.spotify.com/v1/tracks/0cWKmpopb9Qm9mbJimBarQ,https://api.spotify.com/v1/audio-analysis/0cWKmpopb9Qm9mbJimBarQ,214986,4,ROCK.,Greedy Soul,Liam Gallagher
0.603,0.864,4,-3.341,0,0.0668,0.055,0.00493,0.0986,0.616,160.488,audio_features,5773KSWFzg9kCc8yazjbSt,spotify:track:5773KSWFzg9kCc8yazjbSt,https://api.spotify.com/v1/tracks/5773KSWFzg9kCc8yazjbSt,https://api.spotify.com/v1/audio-analysis/5773KSWFzg9kCc8yazjbSt,184627,4,ROCK.,Deceptacon,Le Tigre
0.466,0.548,5,-9.362,0,0.118,0.42,1.01e-06,0.113,0.423,89.815,audio_features,7eqoqGkKwgOaWNNHx90uEZ,spotify:track:7eqoqGkKwgOaWNNHx90uEZ,https://api.spotify.com/v1/tracks/7eqoqGkKwgOaWNNHx90uEZ,https://api.spotify.com/v1/audio-analysis/7eqoqGkKwgOaWNNHx90uEZ,307151,4,CHILL.,Nights,Frank Ocean
0.641,0.549,11,-8.303,0,0.1,0.522,0.000113,0.0764,0.345,99.913,audio_features,0oaSkcIh1fQz8tNtbsJueO,spotify:track:0oaSkcIh1fQz8tNtbsJueO,https://api.spotify.com/v1/tracks/0oaSkcIh1fQz8tNtbsJueO,https://api.spotify.com/v1/audio-analysis/0oaSkcIh1fQz8tNtbsJueO,185853,4,CHILL.,Border Line,King Krule
0.742,0.675,8,-11.219,1,0.0486,0.59,0.403,0.111,0.668,116.963,audio_features,10x9aHDFGk5aSbvAVlwJA3,spotify:track:10x9aHDFGk5aSbvAVlwJA3,https://api.spotify.com/v1/tracks/10x9aHDFGk5aSbvAVlwJA3,https://api.spotify.com/v1/audio-analysis/10x9aHDFGk5aSbvAVlwJA3,189773,4,CHILL.,Runnin',UMI
0.414,0.473,11,-8.911,0,0.116,0.663,0.0523,0.128,0.409,100.0,audio_features,6FBzhcfgGacfXF3AmtfEaX,spotify:track:6FBzhcfgGacfXF3AmtfEaX,https://api.spotify.com/v1/tracks/6FBzhcfgGacfXF3AmtfEaX,https://api.spotify.com/v1/audio-analysis/6FBzhcfgGacfXF3AmtfEaX,129698,4,CHILL.,C U Girl,Steve Lacy
0.76,0.48,1,-8.535,0,0.226,0.585,0.0,0.717,0.877,90.01,audio_features,4LGg2NY9eHp0jF3L1WbCNl,spotify:track:4LGg2NY9eHp0jF3L1WbCNl,https://api.spotify.com/v1/tracks/4LGg2NY9eHp0jF3L1WbCNl,https://api.spotify.com/v1/audio-analysis/4LGg2NY9eHp0jF3L1WbCNl,139613,4,CHILL.,Wildin',Berhana
0.753,0.461,8,-8.857,0,0.0585,0.496,0.000372,0.116,0.897,103.919,audio_features,3xUoFmauSdcqntvnmc39XZ,spotify:track:3xUoFmauSdcqntvnmc39XZ,https://api.spotify.com/v1/tracks/3xUoFmauSdcqntvnmc39XZ,https://api.spotify.com/v1/audio-analysis/3xUoFmauSdcqntvnmc39XZ,179908,4,CHILL.,Wiggle,binki
0.817,0.577,6,-8.63,0,0.0659,0.117,0.000385,0.183,0.928,112.025,audio_features,3jLHo30ucbkYY9P7v8leKh,spotify:track:3jLHo30ucbkYY9P7v8leKh,https://api.spotify.com/v1/tracks/3jLHo30ucbkYY9P7v8leKh,https://api.spotify.com/v1/audio-analysis/3jLHo30ucbkYY9P7v8leKh,130714,4,CHILL.,Sea Sick,binki
0.729,0.874,2,-5.585,1,0.0324,0.134,0.00011,0.198,0.917,123.001,audio_features,4P04T22VRDMfG7Yk0SMMxP,spotify:track:4P04T22VRDMfG7Yk0SMMxP,https://api.spotify.com/v1/tracks/4P04T22VRDMfG7Yk0SMMxP,https://api.spotify.com/v1/audio-analysis/4P04T22VRDMfG7Yk0SMMxP,195535,4,CHILL.,Cabin Fever,Jaden
0.838,0.432,6,-14.398,1,0.228,0.562,0.363,0.0987,0.127,99.978,audio_features,4yMT3mbUsiukLDRqPfQ9rN,spotify:track:4yMT3mbUsiukLDRqPfQ9rN,https://api.spotify.com/v1/tracks/4yMT3mbUsiukLDRqPfQ9rN,https://api.spotify.com/v1/audio-analysis/4yMT3mbUsiukLDRqPfQ9rN,259200,4,CHILL.,Losing My Way,FKJ
0.78,0.714,0,-4.716,1,0.0943,0.121,1.34e-05,0.244,0.373,124.999,audio_features,5Q4UX8hxcaJEtAE9RtsmSY,spotify:track:5Q4UX8hxcaJEtAE9RtsmSY,https://api.spotify.com/v1/tracks/5Q4UX8hxcaJEtAE9RtsmSY,https://api.spotify.com/v1/audio-analysis/5Q4UX8hxcaJEtAE9RtsmSY,207328,4,CHILL.,FEEL SOMETHING DIFFERENT,Bea Miller
0.717,0.797,7,-5.393,1,0.0368,0.876,0.000694,0.0836,0.849,77.492,audio_features,3uwrczwM9A3xX63jlcRhIC,spotify:track:3uwrczwM9A3xX63jlcRhIC,https://api.spotify.com/v1/tracks/3uwrczwM9A3xX63jlcRhIC,https://api.spotify.com/v1/audio-analysis/3uwrczwM9A3xX63jlcRhIC,128129,4,CHILL.,Cleaner Air,Yeek
0.705,0.613,6,-9.317,0,0.158,0.218,1.81e-06,0.304,0.459,89.505,audio_features,3Dvq01GbtvhYKHUOaQkdwZ,spotify:track:3Dvq01GbtvhYKHUOaQkdwZ,https://api.spotify.com/v1/tracks/3Dvq01GbtvhYKHUOaQkdwZ,https://api.spotify.com/v1/audio-analysis/3Dvq01GbtvhYKHUOaQkdwZ,186811,4,CHILL.,earth,easy life
0.426,0.61,8,-7.734,0,0.0517,0.109,4.85e-05,0.141,0.224,178.721,audio_features,6LLjM3jv3G3ync9HSkBGSC,spotify:track:6LLjM3jv3G3ync9HSkBGSC,https://api.spotify.com/v1/tracks/6LLjM3jv3G3ync9HSkBGSC,https://api.spotify.com/v1/audio-analysis/6LLjM3jv3G3ync9HSkBGSC,276360,4,CHILL.,Lamb's Wool,Foster The People
0.665,0.57,9,-6.896,0,0.0341,0.066,2.98e-06,0.0822,0.396,95.983,audio_features,3wXw9CsZsxca37dbzHUx4g,spotify:track:3wXw9CsZsxca37dbzHUx4g,https://api.spotify.com/v1/tracks/3wXw9CsZsxca37dbzHUx4g,https://api.spotify.com/v1/audio-analysis/3wXw9CsZsxca37dbzHUx4g,194864,4,CHILL.,Rollin' Stone,Kyle Lux
0.752,0.65,4,-6.194,1,0.0334,0.264,1.38e-06,0.313,0.904,141.16,audio_features,0ClnfM4PI0wjlCVTJc9lP7,spotify:track:0ClnfM4PI0wjlCVTJc9lP7,https://api.spotify.com/v1/tracks/0ClnfM4PI0wjlCVTJc9lP7,https://api.spotify.com/v1/audio-analysis/0ClnfM4PI0wjlCVTJc9lP7,177000,4,CHILL.,24 / 7 / 365,Surfaces
0.633,0.537,6,-10.45,0,0.0544,0.0141,3.72e-05,0.103,0.889,117.907,audio_features,5uIRujGRZv5t4fGKkUTv4n,spotify:track:5uIRujGRZv5t4fGKkUTv4n,https://api.spotify.com/v1/tracks/5uIRujGRZv5t4fGKkUTv4n,https://api.spotify.com/v1/audio-analysis/5uIRujGRZv5t4fGKkUTv4n,197947,4,CHILL.,Feeling Lonely,boy pablo
0.809,0.463,11,-11.377,1,0.0396,0.256,0.085,0.109,0.364,111.98,audio_features,5mCPDVBb16L4XQwDdbRUpz,spotify:track:5mCPDVBb16L4XQwDdbRUpz,https://api.spotify.com/v1/tracks/5mCPDVBb16L4XQwDdbRUpz,https://api.spotify.com/v1/audio-analysis/5mCPDVBb16L4XQwDdbRUpz,298941,4,CHILL.,Passionfruit,Drake
0.776,0.574,5,-5.971,0,0.0351,0.431,7.9e-05,0.147,0.427,102.895,audio_features,2TmW432ldVYhIwAdJSlJEG,spotify:track:2TmW432ldVYhIwAdJSlJEG,https://api.spotify.com/v1/tracks/2TmW432ldVYhIwAdJSlJEG,https://api.spotify.com/v1/audio-analysis/2TmW432ldVYhIwAdJSlJEG,202090,4,CHILL.,have a great day,easy life
0.677,0.423,9,-8.226,0,0.123,0.226,0.0,0.281,0.422,118.036,audio_features,5O06k1mpaajgmj5zPFrZF0,spotify:track:5O06k1mpaajgmj5zPFrZF0,https://api.spotify.com/v1/tracks/5O06k1mpaajgmj5zPFrZF0,https://api.spotify.com/v1/audio-analysis/5O06k1mpaajgmj5zPFrZF0,121404,4,CHILL.,Now You Know,Will Paquin
0.761,0.525,11,-6.9,1,0.0944,0.44,6.7e-06,0.0921,0.531,80.87,audio_features,3USxtqRwSYz57Ewm6wWRMp,spotify:track:3USxtqRwSYz57Ewm6wWRMp,https://api.spotify.com/v1/tracks/3USxtqRwSYz57Ewm6wWRMp,https://api.spotify.com/v1/audio-analysis/3USxtqRwSYz57Ewm6wWRMp,238805,4,CHILL.,Heat Waves,Glass Animals
0.7,0.513,0,-6.845,1,0.0698,0.684,5.23e-05,0.249,0.637,82.006,audio_features,3XHjBo5wg5tvVugQRXkP0P,spotify:track:3XHjBo5wg5tvVugQRXkP0P,https://api.spotify.com/v1/tracks/3XHjBo5wg5tvVugQRXkP0P,https://api.spotify.com/v1/audio-analysis/3XHjBo5wg5tvVugQRXkP0P,155845,4,CHILL.,daydreams,easy life
0.617,0.527,10,-7.381,0,0.229,0.591,0.0,0.104,0.453,79.867,audio_features,5W6CGaZLktffDggpidaIw4,spotify:track:5W6CGaZLktffDggpidaIw4,https://api.spotify.com/v1/tracks/5W6CGaZLktffDggpidaIw4,https://api.spotify.com/v1/audio-analysis/5W6CGaZLktffDggpidaIw4,213043,4,CHILL.,ALL DAY,Gaff
0.759,0.642,7,-8.16,0,0.0396,0.0365,0.00695,0.128,0.663,123.0,audio_features,3Jw0dL0zh6zAYHpXa0sbrA,spotify:track:3Jw0dL0zh6zAYHpXa0sbrA,https://api.spotify.com/v1/tracks/3Jw0dL0zh6zAYHpXa0sbrA,https://api.spotify.com/v1/audio-analysis/3Jw0dL0zh6zAYHpXa0sbrA,244862,4,CHILL.,Move Like This,Ric Wilson
0.779,0.605,5,-7.294,0,0.0315,0.758,0.665,0.0918,0.735,126.031,audio_features,2hhVlIZmGEGfNeVIYnMUAG,spotify:track:2hhVlIZmGEGfNeVIYnMUAG,https://api.spotify.com/v1/tracks/2hhVlIZmGEGfNeVIYnMUAG,https://api.spotify.com/v1/audio-analysis/2hhVlIZmGEGfNeVIYnMUAG,208947,4,CHILL.,The Sun,Myd
0.843,0.585,1,-14.268,1,0.0652,0.64,0.0456,0.131,0.835,91.937,audio_features,1BXastKgdI3AiFipVt69Fv,spotify:track:1BXastKgdI3AiFipVt69Fv,https://api.spotify.com/v1/tracks/1BXastKgdI3AiFipVt69Fv,https://api.spotify.com/v1/audio-analysis/1BXastKgdI3AiFipVt69Fv,279373,4,CHILL.,Jettin',Digable Planets
0.754,0.785,10,-8.178,0,0.18,0.0287,0.00144,0.319,0.821,94.123,audio_features,0XgpiStoxq1IJncYlPrvZ5,spotify:track:0XgpiStoxq1IJncYlPrvZ5,https://api.spotify.com/v1/tracks/0XgpiStoxq1IJncYlPrvZ5,https://api.spotify.com/v1/audio-analysis/0XgpiStoxq1IJncYlPrvZ5,296267,4,CHILL.,Runnin',The Pharcyde
0.708,0.598,5,-8.365,1,0.0291,0.037,0.0,0.17,0.698,112.027,audio_features,2sXf2JdbB2GlNju00kw9WE,spotify:track:2sXf2JdbB2GlNju00kw9WE,https://api.spotify.com/v1/tracks/2sXf2JdbB2GlNju00kw9WE,https://api.spotify.com/v1/audio-analysis/2sXf2JdbB2GlNju00kw9WE,203123,4,CHILL.,Skate,Bruno Mars
0.452,0.689,5,-6.194,0,0.0422,0.383,0.011,0.273,0.342,206.733,audio_features,0yzbBhKzbPnAwxT1UNKfHS,spotify:track:0yzbBhKzbPnAwxT1UNKfHS,https://api.spotify.com/v1/tracks/0yzbBhKzbPnAwxT1UNKfHS,https://api.spotify.com/v1/audio-analysis/0yzbBhKzbPnAwxT1UNKfHS,229121,4,CHILL.,Treat Her Better,Mac DeMarco
0.729,0.286,2,-13.654,1,0.0355,0.283,0.0245,0.105,0.469,92.03,audio_features,556jf0hyPQuLNHuNWo12I5,spotify:track:556jf0hyPQuLNHuNWo12I5,https://api.spotify.com/v1/tracks/556jf0hyPQuLNHuNWo12I5,https://api.spotify.com/v1/audio-analysis/556jf0hyPQuLNHuNWo12I5,256000,4,CHILL.,Floated By,Peter Cat Recording Co.
0.52,0.652,3,-11.181,0,0.438,0.523,1.02e-05,0.159,0.611,92.654,audio_features,0VdmdhstW52cmau2xZ2b3z,spotify:track:0VdmdhstW52cmau2xZ2b3z,https://api.spotify.com/v1/tracks/0VdmdhstW52cmau2xZ2b3z,https://api.spotify.com/v1/audio-analysis/0VdmdhstW52cmau2xZ2b3z,232947,3,CHILL.,"What's Your World - 7"" Version",Gloria Ann Taylor
0.671,0.86,10,-6.887,0,0.0383,0.116,0.00139,0.15,0.79,97.037,audio_features,50kXxYwLylVddXQaiGMck1,spotify:track:50kXxYwLylVddXQaiGMck1,https://api.spotify.com/v1/tracks/50kXxYwLylVddXQaiGMck1,https://api.spotify.com/v1/audio-analysis/50kXxYwLylVddXQaiGMck1,156000,4,CHILL.,Woof,Still Woozy
0.64,0.853,2,-7.996,0,0.031,0.43,0.711,0.156,0.829,124.122,audio_features,4fjzDf54eBNOlW45mNe14U,spotify:track:4fjzDf54eBNOlW45mNe14U,https://api.spotify.com/v1/tracks/4fjzDf54eBNOlW45mNe14U,https://api.spotify.com/v1/audio-analysis/4fjzDf54eBNOlW45mNe14U,274760,4,CHILL.,Souk Eye,Gorillaz
0.836,0.812,2,-6.985,1,0.215,0.188,1.82e-06,0.0982,0.769,92.009,audio_features,7oFiFPltiQTBqVutyiSwvE,spotify:track:7oFiFPltiQTBqVutyiSwvE,https://api.spotify.com/v1/tracks/7oFiFPltiQTBqVutyiSwvE,https://api.spotify.com/v1/audio-analysis/7oFiFPltiQTBqVutyiSwvE,145707,4,CHILL.,Figaro,Madvillain
0.514,0.638,0,-5.033,1,0.0861,0.0204,0.0704,0.327,0.521,173.628,audio_features,0gSLaX91J2Cs9cWXqsRc4X,spotify:track:0gSLaX91J2Cs9cWXqsRc4X,https://api.spotify.com/v1/tracks/0gSLaX91J2Cs9cWXqsRc4X,https://api.spotify.com/v1/audio-analysis/0gSLaX91J2Cs9cWXqsRc4X,353347,4,CHILL.,Children Of The Internet - Ezra Collective Remix,Future Utopia
0.701,0.424,6,-14.709,0,0.524,0.423,0.0,0.208,0.6,86.057,audio_features,2AKNE7DnNm9reIwhCelnRJ,spotify:track:2AKNE7DnNm9reIwhCelnRJ,https://api.spotify.com/v1/tracks/2AKNE7DnNm9reIwhCelnRJ,https://api.spotify.com/v1/audio-analysis/2AKNE7DnNm9reIwhCelnRJ,226090,4,RAP 2.,Indiscretions,Jadon Woodard
0.52,0.538,1,-8.109,1,0.206,0.367,0.00187,0.119,0.177,141.894,audio_features,5bJ1DrEM4hNCafcDd1oxHx,spotify:track:5bJ1DrEM4hNCafcDd1oxHx,https://api.spotify.com/v1/tracks/5bJ1DrEM4hNCafcDd1oxHx,https://api.spotify.com/v1/audio-analysis/5bJ1DrEM4hNCafcDd1oxHx,345133,4,RAP 2.,Self Care,Mac Miller
0.408,0.532,10,-12.457,0,0.345,0.578,4.05e-05,0.0734,0.584,102.042,audio_features,3ElQ7H3s86FLZvZhQEQdFw,spotify:track:3ElQ7H3s86FLZvZhQEQdFw,https://api.spotify.com/v1/tracks/3ElQ7H3s86FLZvZhQEQdFw,https://api.spotify.com/v1/audio-analysis/3ElQ7H3s86FLZvZhQEQdFw,187273,4,RAP 2.,New Love Song,Duckwrth
0.577,0.426,2,-10.495,1,0.591,0.851,0.0,0.103,0.764,148.082,audio_features,3cBHgJAkUkD0OdJsfooZEg,spotify:track:3cBHgJAkUkD0OdJsfooZEg,https://api.spotify.com/v1/tracks/3cBHgJAkUkD0OdJsfooZEg,https://api.spotify.com/v1/audio-analysis/3cBHgJAkUkD0OdJsfooZEg,236460,1,RAP 2.,Dragon,Kota the Friend
0.836,0.67,5,-6.907,0,0.23,0.00826,0.000355,0.0837,0.556,107.018,audio_features,5iUQMwxUPdJBFeGkePtM66,spotify:track:5iUQMwxUPdJBFeGkePtM66,https://api.spotify.com/v1/tracks/5iUQMwxUPdJBFeGkePtM66,https://api.spotify.com/v1/audio-analysis/5iUQMwxUPdJBFeGkePtM66,305350,4,RAP 2.,Dang! (feat. Anderson .Paak),Mac Miller
0.638,0.537,0,-9.001,1,0.0344,0.69,0.176,0.174,0.351,79.992,audio_features,20wMPnqHdNdBWaKRaMM7fD,spotify:track:20wMPnqHdNdBWaKRaMM7fD,https://api.spotify.com/v1/tracks/20wMPnqHdNdBWaKRaMM7fD,https://api.spotify.com/v1/audio-analysis/20wMPnqHdNdBWaKRaMM7fD,203572,4,RAP 2.,feel away (feat. James Blake & Mount Kimbie),slowthai
0.285,0.875,11,-4.187,0,0.315,0.0977,0.0,0.223,0.646,168.151,audio_features,7L4AtavGZEEDkVw1E0mDYn,spotify:track:7L4AtavGZEEDkVw1E0mDYn,https://api.spotify.com/v1/tracks/7L4AtavGZEEDkVw1E0mDYn,https://api.spotify.com/v1/audio-analysis/7L4AtavGZEEDkVw1E0mDYn,206693,4,RAP 2.,Three Man Weave,Injury Reserve
0.583,0.625,1,-8.011,1,0.277,0.506,0.0,0.196,0.516,89.812,audio_features,0GAyuCo975IHGxxiLKDufB,spotify:track:0GAyuCo975IHGxxiLKDufB,https://api.spotify.com/v1/tracks/0GAyuCo975IHGxxiLKDufB,https://api.spotify.com/v1/audio-analysis/0GAyuCo975IHGxxiLKDufB,266291,4,RAP 2.,l e t . g o . m y . h a n d (with Bas & 6LACK),J. Cole
0.401,0.707,0,-5.973,1,0.32,0.723,0.000545,0.875,0.4,178.323,audio_features,13Sf8s6OLiI4IWn8V3rVwP,spotify:track:13Sf8s6OLiI4IWn8V3rVwP,https://api.spotify.com/v1/tracks/13Sf8s6OLiI4IWn8V3rVwP,https://api.spotify.com/v1/audio-analysis/13Sf8s6OLiI4IWn8V3rVwP,137333,4,RAP 2.,Mando Calrissian,CZARFACE
0.537,0.753,8,-9.441,1,0.35,0.328,1.52e-05,0.368,0.693,90.292,audio_features,6WnYONkaYOchkMXUz0Eu0W,spotify:track:6WnYONkaYOchkMXUz0Eu0W,https://api.spotify.com/v1/tracks/6WnYONkaYOchkMXUz0Eu0W,https://api.spotify.com/v1/audio-analysis/6WnYONkaYOchkMXUz0Eu0W,115827,4,RAP 2.,Fancy Clown,Madvillain
0.682,0.745,2,-5.618,1,0.166,0.137,0.0,0.149,0.787,172.251,audio_features,78TtdM3vlkm5eXkO4zaSxR,spotify:track:78TtdM3vlkm5eXkO4zaSxR,https://api.spotify.com/v1/tracks/78TtdM3vlkm5eXkO4zaSxR,https://api.spotify.com/v1/audio-analysis/78TtdM3vlkm5eXkO4zaSxR,203721,4,RAP 2.,Hate,Kota the Friend
0.711,0.647,2,-5.667,0,0.0822,0.334,0.0,0.312,0.227,125.092,audio_features,4n6NDfYake476trCjJRNl0,spotify:track:4n6NDfYake476trCjJRNl0,https://api.spotify.com/v1/tracks/4n6NDfYake476trCjJRNl0,https://api.spotify.com/v1/audio-analysis/4n6NDfYake476trCjJRNl0,163302,4,RAP 2.,1 0 0 . m i l ‘ (with Bas),J. Cole
0.597,0.587,7,-7.026,0,0.137,0.0622,0.0,0.214,0.0753,140.021,audio_features,1D3z6HTiQsNmZxjl7F7eoG,spotify:track:1D3z6HTiQsNmZxjl7F7eoG,https://api.spotify.com/v1/tracks/1D3z6HTiQsNmZxjl7F7eoG,https://api.spotify.com/v1/audio-analysis/1D3z6HTiQsNmZxjl7F7eoG,218802,4,RAP 2.,m y . l i f e (with 21 Savage & Morray),J. Cole
0.739,0.76,6,-6.922,1,0.207,0.5,1.94e-06,0.105,0.829,93.65,audio_features,5P2FrAV844wGHdOhs3HMpP,spotify:track:5P2FrAV844wGHdOhs3HMpP,https://api.spotify.com/v1/tracks/5P2FrAV844wGHdOhs3HMpP,https://api.spotify.com/v1/audio-analysis/5P2FrAV844wGHdOhs3HMpP,192120,4,RAP 2.,Young World,CZARFACE
0.531,0.672,7,-7.341,1,0.305,0.693,0.0,0.791,0.548,96.271,audio_features,2SfE58UZe7Y3TVjozT1fPC,spotify:track:2SfE58UZe7Y3TVjozT1fPC,https://api.spotify.com/v1/tracks/2SfE58UZe7Y3TVjozT1fPC,https://api.spotify.com/v1/audio-analysis/2SfE58UZe7Y3TVjozT1fPC,149613,4,RAP 2.,Break in the Action,CZARFACE
0.574,0.593,0,-9.942,0,0.375,0.0303,0.157,0.369,0.392,176.243,audio_features,46efwIlSpvdURIubZCs3jC,spotify:track:46efwIlSpvdURIubZCs3jC,https://api.spotify.com/v1/tracks/46efwIlSpvdURIubZCs3jC,https://api.spotify.com/v1/audio-analysis/46efwIlSpvdURIubZCs3jC,272245,4,RAP 2.,Bomb Thrown,CZARFACE
0.538,0.428,10,-11.215,0,0.218,0.385,0.0208,0.128,0.374,87.946,audio_features,2fcbM3aCtNuHhhQYEUbE3p,spotify:track:2fcbM3aCtNuHhhQYEUbE3p,https://api.spotify.com/v1/tracks/2fcbM3aCtNuHhhQYEUbE3p,https://api.spotify.com/v1/audio-analysis/2fcbM3aCtNuHhhQYEUbE3p,212036,4,RAP 2.,MellowWithMe,Bishop Nehru
0.843,0.585,1,-14.268,1,0.0652,0.64,0.0456,0.131,0.835,91.937,audio_features,1BXastKgdI3AiFipVt69Fv,spotify:track:1BXastKgdI3AiFipVt69Fv,https://api.spotify.com/v1/tracks/1BXastKgdI3AiFipVt69Fv,https://api.spotify.com/v1/audio-analysis/1BXastKgdI3AiFipVt69Fv,279373,4,RAP 2.,Jettin',Digable Planets
0.351,0.757,4,-4.573,0,0.0799,0.589,0.0,0.15,0.317,174.128,audio_features,4YDajhjVXlBaPhgONWjzg6,spotify:track:4YDajhjVXlBaPhgONWjzg6,https://api.spotify.com/v1/tracks/4YDajhjVXlBaPhgONWjzg6,https://api.spotify.com/v1/audio-analysis/4YDajhjVXlBaPhgONWjzg6,101886,4,RAP 2.,Intro,Logic
0.758,0.845,2,-8.021,1,0.272,0.121,0.0,0.328,0.944,76.882,audio_features,1KcZRMyC2tSs3CMIsng9wx,spotify:track:1KcZRMyC2tSs3CMIsng9wx,https://api.spotify.com/v1/tracks/1KcZRMyC2tSs3CMIsng9wx,https://api.spotify.com/v1/audio-analysis/1KcZRMyC2tSs3CMIsng9wx,321507,4,RAP 2.,Otha Fish,The Pharcyde
0.765,0.681,11,-4.241,0,0.31,0.0497,0.0,0.216,0.281,127.77,audio_features,3mtaSob1BQO4HMSA8lWKRt,spotify:track:3mtaSob1BQO4HMSA8lWKRt,https://api.spotify.com/v1/tracks/3mtaSob1BQO4HMSA8lWKRt,https://api.spotify.com/v1/audio-analysis/3mtaSob1BQO4HMSA8lWKRt,423909,5,RAP 2.,In The Fire,Dave
0.404,0.784,2,-7.584,0,0.123,0.188,0.00178,0.165,0.289,179.439,audio_features,08T26i7SErk6jCDTW7uUFI,spotify:track:08T26i7SErk6jCDTW7uUFI,https://api.spotify.com/v1/tracks/08T26i7SErk6jCDTW7uUFI,https://api.spotify.com/v1/audio-analysis/08T26i7SErk6jCDTW7uUFI,266253,3,RAP 2.,Lift Off,JAY-Z
0.59,0.591,10,-7.538,0,0.242,0.0469,6.66e-06,0.753,0.826,96.455,audio_features,6sXtv9YofwyGFbNQ4yhIgy,spotify:track:6sXtv9YofwyGFbNQ4yhIgy,https://api.spotify.com/v1/tracks/6sXtv9YofwyGFbNQ4yhIgy,https://api.spotify.com/v1/audio-analysis/6sXtv9YofwyGFbNQ4yhIgy,107853,4,RAP 2.,Vats of Urine,DANGERDOOM
0.836,0.812,2,-6.985,1,0.215,0.188,1.82e-06,0.0982,0.769,92.009,audio_features,7oFiFPltiQTBqVutyiSwvE,spotify:track:7oFiFPltiQTBqVutyiSwvE,https://api.spotify.com/v1/tracks/7oFiFPltiQTBqVutyiSwvE,https://api.spotify.com/v1/audio-analysis/7oFiFPltiQTBqVutyiSwvE,145707,4,RAP 2.,Figaro,Madvillain
0.514,0.638,0,-5.033,1,0.0861,0.0204,0.0704,0.327,0.521,173.628,audio_features,0gSLaX91J2Cs9cWXqsRc4X,spotify:track:0gSLaX91J2Cs9cWXqsRc4X,https://api.spotify.com/v1/tracks/0gSLaX91J2Cs9cWXqsRc4X,https://api.spotify.com/v1/audio-analysis/0gSLaX91J2Cs9cWXqsRc4X,353347,4,RAP 2.,Children Of The Internet - Ezra Collective Remix,Future Utopia
0.678,0.794,10,-6.186,0,0.14,0.274,1.68e-06,0.124,0.54,87.374,audio_features,7G3lxTsMfSx4yarMkfgnTC,spotify:track:7G3lxTsMfSx4yarMkfgnTC,https://api.spotify.com/v1/tracks/7G3lxTsMfSx4yarMkfgnTC,https://api.spotify.com/v1/audio-analysis/7G3lxTsMfSx4yarMkfgnTC,290573,4,RAP 2.,The World Is Yours,Nas
0.693,0.46,0,-7.912,0,0.226,0.392,0.0,0.157,0.873,78.09,audio_features,4HW5kSQ8M2IQWZhSxERvla,spotify:track:4HW5kSQ8M2IQWZhSxERvla,https://api.spotify.com/v1/tracks/4HW5kSQ8M2IQWZhSxERvla,https://api.spotify.com/v1/audio-analysis/4HW5kSQ8M2IQWZhSxERvla,173947,4,RAP 2.,Spice Girl,Aminé
0.272,0.238,2,-12.148,0,0.0349,0.89,0.00925,0.275,0.119,83.507,audio_features,01z2fBGB8Hl3Jd3zXe4IXR,spotify:track:01z2fBGB8Hl3Jd3zXe4IXR,https://api.spotify.com/v1/tracks/01z2fBGB8Hl3Jd3zXe4IXR,https://api.spotify.com/v1/audio-analysis/01z2fBGB8Hl3Jd3zXe4IXR,161840,4,RAP.,Come Back to Earth,Mac Miller
0.736,0.903,10,-3.235,0,0.127,0.0889,0.0,0.129,0.457,95.047,audio_features,0KiKfllNTmhImvXVIHqR0z,spotify:track:0KiKfllNTmhImvXVIHqR0z,https://api.spotify.com/v1/tracks/0KiKfllNTmhImvXVIHqR0z,https://api.spotify.com/v1/audio-analysis/0KiKfllNTmhImvXVIHqR0z,211573,4,RAP.,Young Jesus,Logic
0.755,0.83,3,-6.494,0,0.0613,0.0916,3.81e-05,0.298,0.513,139.9,audio_features,0Kojfmpnf0A2yC1zyv39Zx,spotify:track:0Kojfmpnf0A2yC1zyv39Zx,https://api.spotify.com/v1/tracks/0Kojfmpnf0A2yC1zyv39Zx,https://api.spotify.com/v1/audio-analysis/0Kojfmpnf0A2yC1zyv39Zx,337747,4,RAP.,Buried Alive,Logic
0.755,0.594,7,-5.906,1,0.216,0.241,0.0,0.107,0.237,178.929,audio_features,0YAQnYt2oB8OdoaeqnHyTI,spotify:track:0YAQnYt2oB8OdoaeqnHyTI,https://api.spotify.com/v1/tracks/0YAQnYt2oB8OdoaeqnHyTI,https://api.spotify.com/v1/audio-analysis/0YAQnYt2oB8OdoaeqnHyTI,238053,4,RAP.,Tribe (with J. Cole),Bas
0.854,0.463,5,-6.159,1,0.137,0.117,0.0,0.354,0.549,120.024,audio_features,0b9oOr2ZgvyQu88wzixux9,spotify:track:0b9oOr2ZgvyQu88wzixux9,https://api.spotify.com/v1/tracks/0b9oOr2ZgvyQu88wzixux9,https://api.spotify.com/v1/audio-analysis/0b9oOr2ZgvyQu88wzixux9,225773,4,RAP.,This Is America,Childish Gambino
0.866,0.534,11,-9.201,1,0.229,0.184,0.266,0.0929,0.841,98.243,audio_features,0eEXcw3JLVXcRxYrVYMy68,spotify:track:0eEXcw3JLVXcRxYrVYMy68,https://api.spotify.com/v1/tracks/0eEXcw3JLVXcRxYrVYMy68,https://api.spotify.com/v1/audio-analysis/0eEXcw3JLVXcRxYrVYMy68,226133,4,RAP.,Electric Relaxation,A Tribe Called Quest
0.742,0.72,0,-2.876,1,0.116,0.0402,0.000846,0.0839,0.97,77.011,audio_features,0jqBo5RYn008f4ZY8kPewW,spotify:track:0jqBo5RYn008f4ZY8kPewW,https://api.spotify.com/v1/tracks/0jqBo5RYn008f4ZY8kPewW,https://api.spotify.com/v1/audio-analysis/0jqBo5RYn008f4ZY8kPewW,260320,4,RAP.,Indica Badu,Logic
0.496,0.636,7,-9.258,1,0.0964,0.069,0.000125,0.503,0.333,80.109,audio_features,16NGfNtshNVSKkf5szmGwx,spotify:track:16NGfNtshNVSKkf5szmGwx,https://api.spotify.com/v1/tracks/16NGfNtshNVSKkf5szmGwx,https://api.spotify.com/v1/audio-analysis/16NGfNtshNVSKkf5szmGwx,207067,4,RAP.,I. Pink Toes,Childish Gambino
0.801,0.815,11,-4.81,1,0.148,0.042,4.42e-06,0.0741,0.37,90.017,audio_features,1BTj47Up5m8601KOFrTvkj,spotify:track:1BTj47Up5m8601KOFrTvkj,https://api.spotify.com/v1/tracks/1BTj47Up5m8601KOFrTvkj,https://api.spotify.com/v1/audio-analysis/1BTj47Up5m8601KOFrTvkj,202920,4,RAP.,I Am The Greatest,Logic
0.675,0.559,10,-9.003,0,0.106,0.00608,9.73e-05,0.0843,0.668,117.845,audio_features,1flloiRJOCenDSSjnuHGln,spotify:track:1flloiRJOCenDSSjnuHGln,https://api.spotify.com/v1/tracks/1flloiRJOCenDSSjnuHGln,https://api.spotify.com/v1/audio-analysis/1flloiRJOCenDSSjnuHGln,85413,4,RAP.,Big Bag,"Tyler, The Creator"
0.612,0.705,1,-5.898,1,0.352,0.427,0.0,0.658,0.533,101.876,audio_features,203xmWRHAyqwW6AkGkhhVM,spotify:track:203xmWRHAyqwW6AkGkhhVM,https://api.spotify.com/v1/tracks/203xmWRHAyqwW6AkGkhhVM,https://api.spotify.com/v1/audio-analysis/203xmWRHAyqwW6AkGkhhVM,341040,4,RAP.,The Space Program,A Tribe Called Quest
0.786,0.82,9,-5.093,0,0.232,0.222,0.0,0.575,0.49,119.982,audio_features,22nyEAEM29tcBRhukR089b,spotify:track:22nyEAEM29tcBRhukR089b,https://api.spotify.com/v1/tracks/22nyEAEM29tcBRhukR089b,https://api.spotify.com/v1/audio-analysis/22nyEAEM29tcBRhukR089b,220996,4,RAP.,Icon,Jaden
0.716,0.936,1,-4.968,0,0.123,0.0318,0.0,0.367,0.802,81.508,audio_features,2JQJ8lCrRg33HxNHh8vcWi,spotify:track:2JQJ8lCrRg33HxNHh8vcWi,https://api.spotify.com/v1/tracks/2JQJ8lCrRg33HxNHh8vcWi,https://api.spotify.com/v1/audio-analysis/2JQJ8lCrRg33HxNHh8vcWi,164523,4,RAP.,Donald Trump,Mac Miller
0.739,0.79,2,-5.307,1,0.103,0.0674,0.0,0.352,0.652,96.055,audio_features,2Pp3QD3thPnk2kCxmu2MHK,spotify:track:2Pp3QD3thPnk2kCxmu2MHK,https://api.spotify.com/v1/tracks/2Pp3QD3thPnk2kCxmu2MHK,https://api.spotify.com/v1/audio-analysis/2Pp3QD3thPnk2kCxmu2MHK,213373,4,RAP.,Dis Generation,A Tribe Called Quest
0.57,0.65,2,-8.538,1,0.326,0.0707,0.0,0.339,0.174,96.767,audio_features,2lRe5wBRm4xaSKTbDn2vLD,spotify:track:2lRe5wBRm4xaSKTbDn2vLD,https://api.spotify.com/v1/tracks/2lRe5wBRm4xaSKTbDn2vLD,https://api.spotify.com/v1/audio-analysis/2lRe5wBRm4xaSKTbDn2vLD,323587,4,RAP.,Trippy (feat. J. Cole),Anderson .Paak
0.734,0.671,1,-7.107,1,0.0315,0.118,0.00317,0.352,0.113,94.025,audio_features,33i3xxHB4YSYGYbtJrwwO8,spotify:track:33i3xxHB4YSYGYbtJrwwO8,https://api.spotify.com/v1/tracks/33i3xxHB4YSYGYbtJrwwO8,https://api.spotify.com/v1/audio-analysis/33i3xxHB4YSYGYbtJrwwO8,194080,4,RAP.,Foreword (feat. Rex Orange County),"Tyler, The Creator"
0.802,0.463,8,-8.379,1,0.162,0.236,0.00531,0.105,0.291,103.961,audio_features,39NDBdU5Xkm5pCFGa5kZtI,spotify:track:39NDBdU5Xkm5pCFGa5kZtI,https://api.spotify.com/v1/tracks/39NDBdU5Xkm5pCFGa5kZtI,https://api.spotify.com/v1/audio-analysis/39NDBdU5Xkm5pCFGa5kZtI,287040,4,RAP.,Ladders,Mac Miller
0.795,0.548,3,-8.072,1,0.199,0.163,0.0,0.0838,0.725,112.342,audio_features,3ILZNhiwZtZ3fVVI65WC6e,spotify:track:3ILZNhiwZtZ3fVVI65WC6e,https://api.spotify.com/v1/tracks/3ILZNhiwZtZ3fVVI65WC6e,https://api.spotify.com/v1/audio-analysis/3ILZNhiwZtZ3fVVI65WC6e,149200,4,RAP.,Lights On (feat. Ryan Beatty & Santigold),"Tyler, The Creator"
0.848,0.666,0,-6.547,1,0.274,0.173,0.000699,0.129,0.744,96.662,audio_features,3Ti0GdlrotgwsAVBBugv0I,spotify:track:3Ti0GdlrotgwsAVBBugv0I,https://api.spotify.com/v1/tracks/3Ti0GdlrotgwsAVBBugv0I,https://api.spotify.com/v1/audio-analysis/3Ti0GdlrotgwsAVBBugv0I,251573,4,RAP.,Can I Kick It?,A Tribe Called Quest
0.827,0.643,10,-6.414,0,0.0899,0.257,0.0,0.094,0.433,95.965,audio_features,3W4JFzOQdo5J2Wgt9DFg24,spotify:track:3W4JFzOQdo5J2Wgt9DFg24,https://api.spotify.com/v1/tracks/3W4JFzOQdo5J2Wgt9DFg24,https://api.spotify.com/v1/audio-analysis/3W4JFzOQdo5J2Wgt9DFg24,240093,4,RAP.,Warm It Up,Logic
0.809,0.685,2,-7.916,1,0.045,0.11,0.00363,0.183,0.827,130.008,audio_features,3f2k8op0nWDoZM4pXim6wG,spotify:track:3f2k8op0nWDoZM4pXim6wG,https://api.spotify.com/v1/tracks/3f2k8op0nWDoZM4pXim6wG,https://api.spotify.com/v1/audio-analysis/3f2k8op0nWDoZM4pXim6wG,238387,4,RAP.,Surfin',Kid Cudi
0.52,0.869,1,-4.546,0,0.28,0.0573,0.0,0.332,0.259,167.771,audio_features,3lWCa9e0KhDghboM5L9C6d,spotify:track:3lWCa9e0KhDghboM5L9C6d,https://api.spotify.com/v1/tracks/3lWCa9e0KhDghboM5L9C6d,https://api.spotify.com/v1/audio-analysis/3lWCa9e0KhDghboM5L9C6d,292933,4,RAP.,Soul Food,Logic
0.734,0.722,0,-4.872,1,0.071,0.0108,0.000201,0.157,0.229,129.927,audio_features,3lz2JgAt4cyr04qDlBgTOv,spotify:track:3lz2JgAt4cyr04qDlBgTOv,https://api.spotify.com/v1/tracks/3lz2JgAt4cyr04qDlBgTOv,https://api.spotify.com/v1/audio-analysis/3lz2JgAt4cyr04qDlBgTOv,154456,4,RAP.,Watch Me,Jaden
0.759,0.733,10,-7.015,0,0.165,0.201,0.0,0.13,0.411,144.96,audio_features,3wFnBRnYgpdoBQyXl3NxoH,spotify:track:3wFnBRnYgpdoBQyXl3NxoH,https://api.spotify.com/v1/tracks/3wFnBRnYgpdoBQyXl3NxoH,https://api.spotify.com/v1/audio-analysis/3wFnBRnYgpdoBQyXl3NxoH,136760,4,RAP.,Plastic,Jaden
0.71,0.805,1,-5.471,1,0.0637,0.00909,0.0,0.141,0.897,92.601,audio_features,3wUX7HpXS382s1DHTRouVk,spotify:track:3wUX7HpXS382s1DHTRouVk,https://api.spotify.com/v1/tracks/3wUX7HpXS382s1DHTRouVk,https://api.spotify.com/v1/audio-analysis/3wUX7HpXS382s1DHTRouVk,172013,4,RAP.,We The People....,A Tribe Called Quest
0.493,0.695,11,-7.396,0,0.486,0.808,2.04e-06,0.122,0.221,98.005,audio_features,3x5WIJiZQ6RwxeoLrQawhc,spotify:track:3x5WIJiZQ6RwxeoLrQawhc,https://api.spotify.com/v1/tracks/3x5WIJiZQ6RwxeoLrQawhc,https://api.spotify.com/v1/audio-analysis/3x5WIJiZQ6RwxeoLrQawhc,383915,4,RAP.,California,Saba
0.549,0.725,1,-7.239,1,0.397,0.0539,3.52e-05,0.148,0.547,108.822,audio_features,430qNtapCS3Ue1yoSql1oV,spotify:track:430qNtapCS3Ue1yoSql1oV,https://api.spotify.com/v1/tracks/430qNtapCS3Ue1yoSql1oV,https://api.spotify.com/v1/audio-analysis/430qNtapCS3Ue1yoSql1oV,206267,4,RAP.,I Ain't Got Time!,"Tyler, The Creator"
0.645,0.777,2,-7.235,1,0.0418,0.00653,0.0039,0.119,0.331,88.455,audio_features,46WOptLnXUtH3LOyYvmMO1,spotify:track:46WOptLnXUtH3LOyYvmMO1,https://api.spotify.com/v1/tracks/46WOptLnXUtH3LOyYvmMO1,https://api.spotify.com/v1/audio-analysis/46WOptLnXUtH3LOyYvmMO1,215507,4,RAP.,Welcome to the World of the Plastic Beach (feat. Snoop Dogg and Hypnotic Brass Ensemble),Gorillaz
0.507,0.606,8,-8.758,1,0.452,0.185,0.0,0.174,0.202,180.607,audio_features,4KXwFI9pgJLpUIAc9oSL8j,spotify:track:4KXwFI9pgJLpUIAc9oSL8j,https://api.spotify.com/v1/tracks/4KXwFI9pgJLpUIAc9oSL8j,https://api.spotify.com/v1/audio-analysis/4KXwFI9pgJLpUIAc9oSL8j,272307,4,RAP.,Bloody Waters (with Anderson .Paak & James Blake),Ab-Soul
0.514,0.73,4,-8.491,0,0.387,0.474,0.0,0.511,0.699,167.655,audio_features,4OMKQBq51PnjZz042AghkR,spotify:track:4OMKQBq51PnjZz042AghkR,https://api.spotify.com/v1/tracks/4OMKQBq51PnjZz042AghkR,https://api.spotify.com/v1/audio-analysis/4OMKQBq51PnjZz042AghkR,246773,4,RAP.,Growing Pains III,Logic
0.916,0.727,1,-6.556,1,0.0861,0.00214,0.000145,0.118,0.201,94.997,audio_features,4PpuH4mxL0rD35mOWaLoKS,spotify:track:4PpuH4mxL0rD35mOWaLoKS,https://api.spotify.com/v1/tracks/4PpuH4mxL0rD35mOWaLoKS,https://api.spotify.com/v1/audio-analysis/4PpuH4mxL0rD35mOWaLoKS,219707,4,RAP.,Lemon,N.E.R.D
0.709,0.787,1,-2.377,1,0.235,0.27,0.00114,0.296,0.607,75.986,audio_features,4QRWA5UqYU1st9aO0UfxOj,spotify:track:4QRWA5UqYU1st9aO0UfxOj,https://api.spotify.com/v1/tracks/4QRWA5UqYU1st9aO0UfxOj,https://api.spotify.com/v1/audio-analysis/4QRWA5UqYU1st9aO0UfxOj,287400,4,RAP.,Fade Away,Logic
0.547,0.759,1,-7.039,0,0.413,0.354,2.15e-05,0.676,0.575,91.85,audio_features,4XDpeWqPADoWRKcUY3dC84,spotify:track:4XDpeWqPADoWRKcUY3dC84,https://api.spotify.com/v1/tracks/4XDpeWqPADoWRKcUY3dC84,https://api.spotify.com/v1/audio-analysis/4XDpeWqPADoWRKcUY3dC84,225347,4,RAP.,November,"Tyler, The Creator"
0.48,0.61,0,-7.042,1,0.305,0.0456,0.0,0.313,0.297,90.034,audio_features,4bEcoz1OcfMgUbp2ft8ieQ,spotify:track:4bEcoz1OcfMgUbp2ft8ieQ,https://api.spotify.com/v1/tracks/4bEcoz1OcfMgUbp2ft8ieQ,https://api.spotify.com/v1/audio-analysis/4bEcoz1OcfMgUbp2ft8ieQ,255653,4,RAP.,911 / Mr. Lonely (feat. Frank Ocean & Steve Lacy),"Tyler, The Creator"
0.863,0.815,11,-6.242,0,0.232,0.216,0.0,0.0887,0.636,108.972,audio_features,4iq3zHwgHSxstFvYw4yIsQ,spotify:track:4iq3zHwgHSxstFvYw4yIsQ,https://api.spotify.com/v1/tracks/4iq3zHwgHSxstFvYw4yIsQ,https://api.spotify.com/v1/audio-analysis/4iq3zHwgHSxstFvYw4yIsQ,200800,4,RAP.,Run It,Logic
0.76,0.579,0,-7.374,1,0.0567,0.0127,0.00344,0.106,0.129,100.011,audio_features,4j3GWI86JvSaF0BLdmgcfF,spotify:track:4j3GWI86JvSaF0BLdmgcfF,https://api.spotify.com/v1/tracks/4j3GWI86JvSaF0BLdmgcfF,https://api.spotify.com/v1/audio-analysis/4j3GWI86JvSaF0BLdmgcfF,213600,4,RAP.,Summertime Magic,Childish Gambino
0.511,0.413,2,-10.839,1,0.0725,0.603,0.0,0.219,0.736,80.595,audio_features,4nkRk3BRQaW941xxtZVBew,spotify:track:4nkRk3BRQaW941xxtZVBew,https://api.spotify.com/v1/tracks/4nkRk3BRQaW941xxtZVBew,https://api.spotify.com/v1/audio-analysis/4nkRk3BRQaW941xxtZVBew,182800,4,RAP.,Intro,Logic
0.648,0.85,6,-4.248,0,0.0561,0.123,0.000347,0.0529,0.567,170.061,audio_features,4q6oNFTjZmJqkIgPdp8iR1,spotify:track:4q6oNFTjZmJqkIgPdp8iR1,https://api.spotify.com/v1/tracks/4q6oNFTjZmJqkIgPdp8iR1,https://api.spotify.com/v1/audio-analysis/4q6oNFTjZmJqkIgPdp8iR1,208667,4,RAP.,Lord Willin',Logic
0.787,0.579,10,-8.376,0,0.0581,0.544,0.00148,0.116,0.738,81.68,audio_features,4u8031pTkTODbRaDCbx8Yv,spotify:track:4u8031pTkTODbRaDCbx8Yv,https://api.spotify.com/v1/tracks/4u8031pTkTODbRaDCbx8Yv,https://api.spotify.com/v1/audio-analysis/4u8031pTkTODbRaDCbx8Yv,187210,4,RAP.,Them Changes,Thundercat
0.451,0.896,1,-8.008,1,0.39,0.256,8.12e-06,0.197,0.61,85.946,audio_features,4x4lOjUzUZe34XVd08A6Kf,spotify:track:4x4lOjUzUZe34XVd08A6Kf,https://api.spotify.com/v1/tracks/4x4lOjUzUZe34XVd08A6Kf,https://api.spotify.com/v1/audio-analysis/4x4lOjUzUZe34XVd08A6Kf,130427,4,RAP.,All Caps,Madvillain
0.604,0.872,10,-4.01,0,0.288,0.0978,0.0,0.121,0.732,64.331,audio_features,53LkLW4k4w7EOayzvx70O9,spotify:track:53LkLW4k4w7EOayzvx70O9,https://api.spotify.com/v1/tracks/53LkLW4k4w7EOayzvx70O9,https://api.spotify.com/v1/audio-analysis/53LkLW4k4w7EOayzvx70O9,206293,4,RAP.,Mos Definitely,Logic
0.418,0.771,10,-7.188,0,0.0738,0.0607,0.00604,0.449,0.405,97.3,audio_features,5FhaG2uuOPmPcGXO9aniCH,spotify:track:5FhaG2uuOPmPcGXO9aniCH,https://api.spotify.com/v1/tracks/5FhaG2uuOPmPcGXO9aniCH,https://api.spotify.com/v1/audio-analysis/5FhaG2uuOPmPcGXO9aniCH,416693,4,RAP.,The Incredible True Story,Logic
0.522,0.856,8,-5.185,1,0.121,0.432,0.0,0.103,0.876,167.734,audio_features,5INhgLY5BQfXAr61XPAoSq,spotify:track:5INhgLY5BQfXAr61XPAoSq,https://api.spotify.com/v1/tracks/5INhgLY5BQfXAr61XPAoSq,https://api.spotify.com/v1/audio-analysis/5INhgLY5BQfXAr61XPAoSq,295360,4,RAP.,Metropolis,Logic
0.559,0.578,8,-9.54,1,0.151,0.79,0.000522,0.324,0.239,79.938,audio_features,5WNYg3usc6H8N3MBEp4zVk,spotify:track:5WNYg3usc6H8N3MBEp4zVk,https://api.spotify.com/v1/tracks/5WNYg3usc6H8N3MBEp4zVk,https://api.spotify.com/v1/audio-analysis/5WNYg3usc6H8N3MBEp4zVk,320720,4,RAP.,Boredom (feat. Rex Orange County & Anna of the North),"Tyler, The Creator"
0.812,0.6,7,-9.414,1,0.254,0.00308,8.38e-06,0.173,0.555,97.338,audio_features,5YTM7OgQDt9EJAYcfHLniJ,spotify:track:5YTM7OgQDt9EJAYcfHLniJ,https://api.spotify.com/v1/tracks/5YTM7OgQDt9EJAYcfHLniJ,https://api.spotify.com/v1/audio-analysis/5YTM7OgQDt9EJAYcfHLniJ,226440,4,RAP.,Award Tour,A Tribe Called Quest
0.836,0.67,5,-6.907,0,0.23,0.00826,0.000355,0.0837,0.556,107.018,audio_features,5iUQMwxUPdJBFeGkePtM66,spotify:track:5iUQMwxUPdJBFeGkePtM66,https://api.spotify.com/v1/tracks/5iUQMwxUPdJBFeGkePtM66,https://api.spotify.com/v1/audio-analysis/5iUQMwxUPdJBFeGkePtM66,305350,4,RAP.,Dang! (feat. Anderson .Paak),Mac Miller
0.742,0.93,11,-7.207,1,0.0977,0.0557,0.000242,0.272,0.967,129.986,audio_features,60b6B2ULC85t4Y5IjZvP7A,spotify:track:60b6B2ULC85t4Y5IjZvP7A,https://api.spotify.com/v1/tracks/60b6B2ULC85t4Y5IjZvP7A,https://api.spotify.com/v1/audio-analysis/60b6B2ULC85t4Y5IjZvP7A,166347,4,RAP.,Tamale,"Tyler, The Creator"
0.568,0.873,1,-5.22,1,0.265,0.0731,0.0,0.367,0.547,106.783,audio_features,6BvtitRX5lQC87YlA6rq0n,spotify:track:6BvtitRX5lQC87YlA6rq0n,https://api.spotify.com/v1/tracks/6BvtitRX5lQC87YlA6rq0n,https://api.spotify.com/v1/audio-analysis/6BvtitRX5lQC87YlA6rq0n,209093,5,RAP.,Bubblin,Anderson .Paak
0.686,0.429,8,-10.402,0,0.15,0.71,3.41e-06,0.166,0.27,130.09,audio_features,6KuXb26rHuRy3ZDse1VRmx,spotify:track:6KuXb26rHuRy3ZDse1VRmx,https://api.spotify.com/v1/tracks/6KuXb26rHuRy3ZDse1VRmx,https://api.spotify.com/v1/audio-analysis/6KuXb26rHuRy3ZDse1VRmx,194933,4,RAP.,Where This Flower Blooms (feat. Frank Ocean),"Tyler, The Creator"
0.717,0.907,4,-4.457,0,0.0389,0.035,0.00696,0.594,0.401,107.051,audio_features,6bM3GKo47KVgvj3gHdWS0U,spotify:track:6bM3GKo47KVgvj3gHdWS0U,https://api.spotify.com/v1/tracks/6bM3GKo47KVgvj3gHdWS0U,https://api.spotify.com/v1/audio-analysis/6bM3GKo47KVgvj3gHdWS0U,232693,4,RAP.,Like Woah,Logic
0.523,0.153,1,-12.785,1,0.0689,0.945,0.000944,0.114,0.184,84.659,audio_features,6eIEJLVaPTU3NuctqdWCzJ,spotify:track:6eIEJLVaPTU3NuctqdWCzJ,https://api.spotify.com/v1/tracks/6eIEJLVaPTU3NuctqdWCzJ,https://api.spotify.com/v1/audio-analysis/6eIEJLVaPTU3NuctqdWCzJ,224347,4,RAP.,Dunno - Recorded at Spotify Studios NYC,Mac Miller
0.58,0.935,6,-4.847,0,0.293,0.176,0.0,0.514,0.666,129.173,audio_features,6kiauSlWtddVQx4JwJx51p,spotify:track:6kiauSlWtddVQx4JwJx51p,https://api.spotify.com/v1/tracks/6kiauSlWtddVQx4JwJx51p,https://api.spotify.com/v1/audio-analysis/6kiauSlWtddVQx4JwJx51p,219400,4,RAP.,"Elevate (feat. Denzel Curry, YBN Cordae, SwaVay, Trevor Rich)",DJ Khalil
0.908,0.638,10,-6.663,0,0.221,0.137,1.41e-05,0.22,0.388,130.007,audio_features,72ic9IhRix05fIkRzGGMXD,spotify:track:72ic9IhRix05fIkRzGGMXD,https://api.spotify.com/v1/tracks/72ic9IhRix05fIkRzGGMXD,https://api.spotify.com/v1/audio-analysis/72ic9IhRix05fIkRzGGMXD,197307,4,RAP.,Boca Raton (with A$AP Ferg),Bas
0.833,0.888,1,-4.181,1,0.127,0.131,0.000364,0.116,0.592,115.019,audio_features,77mLzdHEWRB60CLlV02TV2,spotify:track:77mLzdHEWRB60CLlV02TV2,https://api.spotify.com/v1/tracks/77mLzdHEWRB60CLlV02TV2,https://api.spotify.com/v1/audio-analysis/77mLzdHEWRB60CLlV02TV2,331347,4,RAP.,America,Logic
0.679,0.648,2,-5.892,1,0.445,0.145,0.0,0.182,0.635,94.378,audio_features,7EulRO07ZgchxqKUHb8Pvc,spotify:track:7EulRO07ZgchxqKUHb8Pvc,https://api.spotify.com/v1/tracks/7EulRO07ZgchxqKUHb8Pvc,https://api.spotify.com/v1/audio-analysis/7EulRO07ZgchxqKUHb8Pvc,190177,4,RAP.,1985 - Intro to “The Fall Off”,J. Cole
0.661,0.773,9,-6.809,0,0.0839,0.00127,5.66e-06,0.117,0.318,106.852,audio_features,7GvKDZP30uHX0p8y3Kn6BM,spotify:track:7GvKDZP30uHX0p8y3Kn6BM,https://api.spotify.com/v1/tracks/7GvKDZP30uHX0p8y3Kn6BM,https://api.spotify.com/v1/audio-analysis/7GvKDZP30uHX0p8y3Kn6BM,254280,4,RAP.,Brother's Keeper (feat. Pusha T),Anderson .Paak
0.558,0.559,6,-9.222,1,0.0959,0.371,7.49e-06,0.109,0.62,78.558,audio_features,7KA4W4McWYRpgf0fWsJZWB,spotify:track:7KA4W4McWYRpgf0fWsJZWB,https://api.spotify.com/v1/tracks/7KA4W4McWYRpgf0fWsJZWB,https://api.spotify.com/v1/audio-analysis/7KA4W4McWYRpgf0fWsJZWB,180387,4,RAP.,See You Again (feat. Kali Uchis),"Tyler, The Creator"
0.805,0.833,1,-6.73,0,0.12,0.0859,0.0,0.0578,0.703,109.076,audio_features,7c3SbTuufigBWURcICnAWy,spotify:track:7c3SbTuufigBWURcICnAWy,https://api.spotify.com/v1/tracks/7c3SbTuufigBWURcICnAWy,https://api.spotify.com/v1/audio-analysis/7c3SbTuufigBWURcICnAWy,268400,4,RAP.,Tints (feat. Kendrick Lamar),Anderson .Paak
0.585,0.941,10,-3.278,0,0.145,0.03,8.41e-06,0.196,0.45,130.024,audio_features,7cFFhb9Wz2ZXLSpEk2VDKd,spotify:track:7cFFhb9Wz2ZXLSpEk2VDKd,https://api.spotify.com/v1/tracks/7cFFhb9Wz2ZXLSpEk2VDKd,https://api.spotify.com/v1/audio-analysis/7cFFhb9Wz2ZXLSpEk2VDKd,153773,4,RAP.,Way Up,Jaden
0.53,0.427,9,-7.338,0,0.0275,0.405,0.0832,0.0976,0.195,75.111,audio_features,7er0EUMY653mxZ1NVD9mwQ,spotify:track:7er0EUMY653mxZ1NVD9mwQ,https://api.spotify.com/v1/tracks/7er0EUMY653mxZ1NVD9mwQ,https://api.spotify.com/v1/audio-analysis/7er0EUMY653mxZ1NVD9mwQ,179043,4,RAP.,"FIND YOUR WINGS (feat. Roy Ayers, Sydney Bennett & Kali Uchis)","Tyler, The Creator"
0.55,0.596,7,-8.214,1,0.134,0.162,0.00481,0.0805,0.253,165.736,audio_features,7p4vHnYXkxlzvfePJVpcTr,spotify:track:7p4vHnYXkxlzvfePJVpcTr,https://api.spotify.com/v1/tracks/7p4vHnYXkxlzvfePJVpcTr,https://api.spotify.com/v1/audio-analysis/7p4vHnYXkxlzvfePJVpcTr,297404,4,RAP.,Feels Like Summer,Childish Gambino
0.604,0.736,10,-5.596,0,0.0555,0.00608,0.109,0.11,0.345,118.012,audio_features,7pBsquIkbED6W6uSQJGbkn,spotify:track:7pBsquIkbED6W6uSQJGbkn,https://api.spotify.com/v1/tracks/7pBsquIkbED6W6uSQJGbkn,https://api.spotify.com/v1/audio-analysis/7pBsquIkbED6W6uSQJGbkn,211360,4,RAP.,Home,Vince Staples
0.573,0.545,7,-4.247,0,0.0288,0.0969,0.0,0.329,0.297,83.378,audio_features,7vgTNTaEz3CsBZ1N4YQalM,spotify:track:7vgTNTaEz3CsBZ1N4YQalM,https://api.spotify.com/v1/tracks/7vgTNTaEz3CsBZ1N4YQalM,https://api.spotify.com/v1/audio-analysis/7vgTNTaEz3CsBZ1N4YQalM,271387,4,RAP.,Ghost Town,Kanye West
0.823,0.783,0,-6.274,1,0.154,0.21,0.0,0.113,0.199,141.882,audio_features,7yotKA30dwTKNEGomV9ZsI,spotify:track:7yotKA30dwTKNEGomV9ZsI,https://api.spotify.com/v1/tracks/7yotKA30dwTKNEGomV9ZsI,https://api.spotify.com/v1/audio-analysis/7yotKA30dwTKNEGomV9ZsI,191437,4,RAP.,KOD,J. Cole
0.809,0.638,8,-5.646,0,0.28,0.262,0.0,0.453,0.608,94.893,audio_features,7dFGkZbmm6cVlI28bfMaWE,spotify:track:7dFGkZbmm6cVlI28bfMaWE,https://api.spotify.com/v1/tracks/7dFGkZbmm6cVlI28bfMaWE,https://api.spotify.com/v1/audio-analysis/7dFGkZbmm6cVlI28bfMaWE,224043,4,RAP.,Righteous Minds,Joey Bada$$
0.765,0.542,1,-6.755,1,0.39,0.278,1.87e-05,0.609,0.734,171.945,audio_features,6JyEh4kl9DLwmSAoNDRn5b,spotify:track:6JyEh4kl9DLwmSAoNDRn5b,https://api.spotify.com/v1/tracks/6JyEh4kl9DLwmSAoNDRn5b,https://api.spotify.com/v1/audio-analysis/6JyEh4kl9DLwmSAoNDRn5b,153351,4,RAP.,4th Dimension,KIDS SEE GHOSTS
0.423,0.456,2,-8.45,0,0.0579,0.381,0.016,0.12,0.148,112.984,audio_features,6ACiYjq5Q7e6BlhZEHz7cd,spotify:track:6ACiYjq5Q7e6BlhZEHz7cd,https://api.spotify.com/v1/tracks/6ACiYjq5Q7e6BlhZEHz7cd,https://api.spotify.com/v1/audio-analysis/6ACiYjq5Q7e6BlhZEHz7cd,223947,4,RAP.,Garden Shed (feat. Estelle),"Tyler, The Creator"
0.76,0.479,2,-5.574,1,0.0466,0.556,0.0,0.0703,0.913,89.911,audio_features,3KkXRkHbMCARz0aVfEt68P,spotify:track:3KkXRkHbMCARz0aVfEt68P,https://api.spotify.com/v1/tracks/3KkXRkHbMCARz0aVfEt68P,https://api.spotify.com/v1/audio-analysis/3KkXRkHbMCARz0aVfEt68P,158040,4,RAP.,Sunflower - Spider-Man: Into the Spider-Verse,Post Malone
0.837,0.684,4,-10.356,0,0.12,0.1,0.0,0.114,0.562,120.032,audio_features,1E63X7TyJDM5O6cAJObxel,spotify:track:1E63X7TyJDM5O6cAJObxel,https://api.spotify.com/v1/tracks/1E63X7TyJDM5O6cAJObxel,https://api.spotify.com/v1/audio-analysis/1E63X7TyJDM5O6cAJObxel,234069,4,RAP.,Do What You Love,Logic
0.534,0.566,5,-8.661,0,0.224,0.465,0.0,0.169,0.72,107.799,audio_features,2At3wa1XCMnEendDMO9qcM,spotify:track:2At3wa1XCMnEendDMO9qcM,https://api.spotify.com/v1/tracks/2At3wa1XCMnEendDMO9qcM,https://api.spotify.com/v1/audio-analysis/2At3wa1XCMnEendDMO9qcM,147523,4,RAP.,Senior Skip Day,Mac Miller
0.775,0.606,11,-7.74,1,0.26,0.525,0.00119,0.356,0.538,94.92,audio_features,4RfsI4UAzWaXeMH0XzI7rd,spotify:track:4RfsI4UAzWaXeMH0XzI7rd,https://api.spotify.com/v1/tracks/4RfsI4UAzWaXeMH0XzI7rd,https://api.spotify.com/v1/audio-analysis/4RfsI4UAzWaXeMH0XzI7rd,172653,4,RAP.,Damselfly,Loyle Carner
0.729,0.799,11,-7.378,0,0.0779,0.0588,0.00218,0.0948,0.532,115.04,audio_features,7gZzWI6yC0Wb8xLcNYoYIg,spotify:track:7gZzWI6yC0Wb8xLcNYoYIg,https://api.spotify.com/v1/tracks/7gZzWI6yC0Wb8xLcNYoYIg,https://api.spotify.com/v1/audio-analysis/7gZzWI6yC0Wb8xLcNYoYIg,253520,4,RAP.,Am I Wrong,Anderson .Paak
0.568,0.42,7,-11.169,0,0.276,0.536,0.124,0.101,0.453,79.89,audio_features,3PFaFVWq5wucLu6s4baj9D,spotify:track:3PFaFVWq5wucLu6s4baj9D,https://api.spotify.com/v1/tracks/3PFaFVWq5wucLu6s4baj9D,https://api.spotify.com/v1/audio-analysis/3PFaFVWq5wucLu6s4baj9D,415613,4,RAP.,Girl (feat. KAYTRANADA),The Internet
0.706,0.485,8,-9.671,1,0.331,0.337,0.0,0.122,0.144,115.414,audio_features,21yRtB6B8EMounImAfHRCP,spotify:track:21yRtB6B8EMounImAfHRCP,https://api.spotify.com/v1/tracks/21yRtB6B8EMounImAfHRCP,https://api.spotify.com/v1/audio-analysis/21yRtB6B8EMounImAfHRCP,205093,4,RAP.,Who Dat Boy (feat. A$AP Rocky),"Tyler, The Creator"
0.753,0.594,1,-9.486,0,0.0816,0.0711,0.0,0.391,0.562,112.568,audio_features,2Nh2cMryoXl7BrZoIeN2Pr,spotify:track:2Nh2cMryoXl7BrZoIeN2Pr,https://api.spotify.com/v1/tracks/2Nh2cMryoXl7BrZoIeN2Pr,https://api.spotify.com/v1/audio-analysis/2Nh2cMryoXl7BrZoIeN2Pr,193093,4,RAP.,Dapper (feat. Anderson .Paak),Domo Genesis
0.728,0.727,2,-3.585,1,0.206,0.0128,0.0,0.0882,0.89,143.144,audio_features,6V81K1OcvYgHEnCA6A2Qx9,spotify:track:6V81K1OcvYgHEnCA6A2Qx9,https://api.spotify.com/v1/tracks/6V81K1OcvYgHEnCA6A2Qx9,https://api.spotify.com/v1/audio-analysis/6V81K1OcvYgHEnCA6A2Qx9,171467,4,RAP.,Start a Riot,Duckwrth
0.701,0.755,2,-5.82,1,0.0417,0.00363,0.000795,0.121,0.116,95.036,audio_features,5zsHmE2gO3RefVsPyw2e3T,spotify:track:5zsHmE2gO3RefVsPyw2e3T,https://api.spotify.com/v1/tracks/5zsHmE2gO3RefVsPyw2e3T,https://api.spotify.com/v1/audio-analysis/5zsHmE2gO3RefVsPyw2e3T,222307,4,RAP.,What's Up Danger (with Black Caviar),Blackway
0.52,0.869,1,-4.546,0,0.28,0.0573,0.0,0.332,0.259,167.771,audio_features,4gKTgPgFEttvPSzHA8EOo3,spotify:track:4gKTgPgFEttvPSzHA8EOo3,https://api.spotify.com/v1/tracks/4gKTgPgFEttvPSzHA8EOo3,https://api.spotify.com/v1/audio-analysis/4gKTgPgFEttvPSzHA8EOo3,292933,4,RAP.,Soul Food,Logic
0.892,0.685,10,-4.906,0,0.072,0.301,0.000744,0.0775,0.61,95.958,audio_features,2Sh3g3NaqkD23mZ6Ugfrsq,spotify:track:2Sh3g3NaqkD23mZ6Ugfrsq,https://api.spotify.com/v1/tracks/2Sh3g3NaqkD23mZ6Ugfrsq,https://api.spotify.com/v1/audio-analysis/2Sh3g3NaqkD23mZ6Ugfrsq,263090,4,RAP.,"Good to Be Home (feat. Tom Misch, Loyle Carner & Rebel Kleff)",Barney Artist
0.645,0.771,9,-4.213,0,0.319,0.107,0.0,0.454,0.75,120.035,audio_features,2YUS8qCSBq2WOjOfh1QpDc,spotify:track:2YUS8qCSBq2WOjOfh1QpDc,https://api.spotify.com/v1/tracks/2YUS8qCSBq2WOjOfh1QpDc,https://api.spotify.com/v1/audio-analysis/2YUS8qCSBq2WOjOfh1QpDc,200093,4,RAP.,Under the Water (fg. IV),AllttA
0.587,0.726,1,-6.263,1,0.214,0.216,0.0,0.0868,0.248,151.882,audio_features,2mRh9gO4YlLJo6vFRgT13V,spotify:track:2mRh9gO4YlLJo6vFRgT13V,https://api.spotify.com/v1/tracks/2mRh9gO4YlLJo6vFRgT13V,https://api.spotify.com/v1/audio-analysis/2mRh9gO4YlLJo6vFRgT13V,312373,4,RAP.,Till The End,Logic
0.52,0.538,1,-8.109,1,0.206,0.367,0.00187,0.119,0.177,141.894,audio_features,5bJ1DrEM4hNCafcDd1oxHx,spotify:track:5bJ1DrEM4hNCafcDd1oxHx,https://api.spotify.com/v1/tracks/5bJ1DrEM4hNCafcDd1oxHx,https://api.spotify.com/v1/audio-analysis/5bJ1DrEM4hNCafcDd1oxHx,345133,4,RAP.,Self Care,Mac Miller
0.541,0.809,8,-4.286,1,0.324,0.708,0.0,0.72,0.753,120.094,audio_features,3ODXRUPL44f04cCacwiCLC,spotify:track:3ODXRUPL44f04cCacwiCLC,https://api.spotify.com/v1/tracks/3ODXRUPL44f04cCacwiCLC,https://api.spotify.com/v1/audio-analysis/3ODXRUPL44f04cCacwiCLC,336013,4,RAP.,i,Kendrick Lamar
0.716,0.83,1,-4.67,0,0.222,0.244,1.69e-06,0.103,0.674,92.147,audio_features,6qCPW6pWrUNIESY7fp34D9,spotify:track:6qCPW6pWrUNIESY7fp34D9,https://api.spotify.com/v1/tracks/6qCPW6pWrUNIESY7fp34D9,https://api.spotify.com/v1/audio-analysis/6qCPW6pWrUNIESY7fp34D9,250451,4,RAP.,You Don't Know,Loyle Carner
0.443,0.623,0,-6.717,0,0.0718,0.0468,0.0,0.247,0.156,79.365,audio_features,3vWzyGTu6Ovo1GdrcJqH6e,spotify:track:3vWzyGTu6Ovo1GdrcJqH6e,https://api.spotify.com/v1/tracks/3vWzyGTu6Ovo1GdrcJqH6e,https://api.spotify.com/v1/audio-analysis/3vWzyGTu6Ovo1GdrcJqH6e,233000,4,RAP.,Scared of the Dark (feat. XXXTENTACION),Lil Wayne
0.514,0.723,4,-8.748,0,0.406,0.16,0.0,0.672,0.587,89.14,audio_features,1WsRuvitfegWXQJKRgRZrj,spotify:track:1WsRuvitfegWXQJKRgRZrj,https://api.spotify.com/v1/tracks/1WsRuvitfegWXQJKRgRZrj,https://api.spotify.com/v1/audio-analysis/1WsRuvitfegWXQJKRgRZrj,161653,4,RAP.,Coming Back (feat. Mac Miller),Domo Genesis
0.692,0.521,10,-8.465,0,0.33,0.301,0.0,0.0565,0.463,100.45,audio_features,62vpWI1CHwFy7tMIcSStl8,spotify:track:62vpWI1CHwFy7tMIcSStl8,https://api.spotify.com/v1/tracks/62vpWI1CHwFy7tMIcSStl8,https://api.spotify.com/v1/audio-analysis/62vpWI1CHwFy7tMIcSStl8,292987,4,RAP.,No Role Modelz,J. Cole
0.854,0.569,5,-8.151,0,0.106,0.0609,0.0816,0.1,0.294,80.015,audio_features,7ycWLEP1GsNjVvcjawXz3z,spotify:track:7ycWLEP1GsNjVvcjawXz3z,https://api.spotify.com/v1/tracks/7ycWLEP1GsNjVvcjawXz3z,https://api.spotify.com/v1/audio-analysis/7ycWLEP1GsNjVvcjawXz3z,205040,4,RAP.,Praise The Lord (Da Shine) (feat. Skepta),A$AP Rocky
0.699,0.601,0,-6.48,1,0.0304,0.0972,1.17e-05,0.562,0.434,98.04,audio_features,6olUplztLFFfU7fMYmFXOP,spotify:track:6olUplztLFFfU7fMYmFXOP,https://api.spotify.com/v1/tracks/6olUplztLFFfU7fMYmFXOP,https://api.spotify.com/v1/audio-analysis/6olUplztLFFfU7fMYmFXOP,252013,4,RAP.,Sober,Childish Gambino
0.517,0.705,6,-8.205,0,0.364,0.0751,0.0,0.128,0.584,175.906,audio_features,6Ius4TC0L3cN74HT7ENE6e,spotify:track:6Ius4TC0L3cN74HT7ENE6e,https://api.spotify.com/v1/tracks/6Ius4TC0L3cN74HT7ENE6e,https://api.spotify.com/v1/audio-analysis/6Ius4TC0L3cN74HT7ENE6e,239320,4,RAP.,Wet Dreamz,J. Cole
0.829,0.527,6,-6.644,0,0.367,0.482,0.0,0.631,0.475,116.079,audio_features,6tZ3b7ik1QDXFAZlXib0YZ,spotify:track:6tZ3b7ik1QDXFAZlXib0YZ,https://api.spotify.com/v1/tracks/6tZ3b7ik1QDXFAZlXib0YZ,https://api.spotify.com/v1/audio-analysis/6tZ3b7ik1QDXFAZlXib0YZ,200310,4,RAP.,Kevin’s Heart,J. Cole
0.705,0.899,2,-4.242,1,0.0357,0.0877,6.11e-06,0.268,0.641,139.976,audio_features,5rwOE5J3Y1A2NiRa6y3Yph,spotify:track:5rwOE5J3Y1A2NiRa6y3Yph,https://api.spotify.com/v1/tracks/5rwOE5J3Y1A2NiRa6y3Yph,https://api.spotify.com/v1/audio-analysis/5rwOE5J3Y1A2NiRa6y3Yph,199573,4,RAP.,Stainless,Logic
0.843,0.435,8,-8.442,1,0.178,0.47,0.0,0.147,0.19,120.058,audio_features,6GnhWMhgJb7uyiiPEiEkDA,spotify:track:6GnhWMhgJb7uyiiPEiEkDA,https://api.spotify.com/v1/tracks/6GnhWMhgJb7uyiiPEiEkDA,https://api.spotify.com/v1/audio-analysis/6GnhWMhgJb7uyiiPEiEkDA,208080,4,RAP.,Weekend (feat. Miguel),Mac Miller
0.538,0.612,2,-6.02,1,0.424,0.308,0.0,0.213,0.684,168.197,audio_features,1jzIJcHCXneHw7ojC6LXiF,spotify:track:1jzIJcHCXneHw7ojC6LXiF,https://api.spotify.com/v1/tracks/1jzIJcHCXneHw7ojC6LXiF,https://api.spotify.com/v1/audio-analysis/1jzIJcHCXneHw7ojC6LXiF,182493,4,RAP.,Potato Salad,"Tyler, The Creator"
0.841,0.898,8,-7.135,1,0.104,0.271,0.0151,0.304,0.931,98.401,audio_features,276zciJ7Fg7Jk6Ta6QuLkp,spotify:track:276zciJ7Fg7Jk6Ta6QuLkp,https://api.spotify.com/v1/tracks/276zciJ7Fg7Jk6Ta6QuLkp,https://api.spotify.com/v1/audio-analysis/276zciJ7Fg7Jk6Ta6QuLkp,169727,4,RAP.,Come Down,Anderson .Paak
0.649,0.587,5,-10.5,0,0.316,0.0774,0.0,0.377,0.513,92.871,audio_features,0lG7iyNSstVOLV6faMIHdD,spotify:track:0lG7iyNSstVOLV6faMIHdD,https://api.spotify.com/v1/tracks/0lG7iyNSstVOLV6faMIHdD,https://api.spotify.com/v1/audio-analysis/0lG7iyNSstVOLV6faMIHdD,282987,4,RAP.,6 Summers,Anderson .Paak
0.539,0.631,10,-7.673,1,0.393,0.00899,0.0,0.132,0.139,88.426,audio_features,3LfnrqODEqXpp7s974cT4z,spotify:track:3LfnrqODEqXpp7s974cT4z,https://api.spotify.com/v1/tracks/3LfnrqODEqXpp7s974cT4z,https://api.spotify.com/v1/audio-analysis/3LfnrqODEqXpp7s974cT4z,144667,4,RAP.,Saviers Road,Anderson .Paak
0.734,0.543,1,-7.979,1,0.4,0.186,0.0,0.372,0.336,78.168,audio_features,3rFF7kSm5qBOOPs6ljFgPp,spotify:track:3rFF7kSm5qBOOPs6ljFgPp,https://api.spotify.com/v1/tracks/3rFF7kSm5qBOOPs6ljFgPp,https://api.spotify.com/v1/audio-analysis/3rFF7kSm5qBOOPs6ljFgPp,237295,4,RAP.,The Cut Off (feat. kiLL edward),J. Cole
0.79,0.675,11,-6.952,0,0.319,0.166,1.36e-05,0.103,0.363,90.961,audio_features,4PIrQHxXlHlSXKoKd2nuxE,spotify:track:4PIrQHxXlHlSXKoKd2nuxE,https://api.spotify.com/v1/tracks/4PIrQHxXlHlSXKoKd2nuxE,https://api.spotify.com/v1/audio-analysis/4PIrQHxXlHlSXKoKd2nuxE,256198,4,RAP.,Loose Ends,Loyle Carner
0.616,0.881,2,-5.315,0,0.238,0.516,0.0,0.14,0.711,90.387,audio_features,2YQ1cc9xWnp5qI08rKt6wv,spotify:track:2YQ1cc9xWnp5qI08rKt6wv,https://api.spotify.com/v1/tracks/2YQ1cc9xWnp5qI08rKt6wv,https://api.spotify.com/v1/audio-analysis/2YQ1cc9xWnp5qI08rKt6wv,214427,4,RAP.,The Isle Of Arran,Loyle Carner
0.788,0.711,1,-7.811,0,0.0597,0.364,2.07e-05,0.0838,0.802,104.149,audio_features,4A7DUET5H4f7dJkUhjfVFB,spotify:track:4A7DUET5H4f7dJkUhjfVFB,https://api.spotify.com/v1/tracks/4A7DUET5H4f7dJkUhjfVFB,https://api.spotify.com/v1/audio-analysis/4A7DUET5H4f7dJkUhjfVFB,194023,4,CAR.,Lost in Paris,Tom Misch
0.845,0.57,0,-8.441,1,0.0802,0.0957,0.414,0.0813,0.466,113.003,audio_features,5w3yxRRxy5pvZdUvBJF6ve,spotify:track:5w3yxRRxy5pvZdUvBJF6ve,https://api.spotify.com/v1/tracks/5w3yxRRxy5pvZdUvBJF6ve,https://api.spotify.com/v1/audio-analysis/5w3yxRRxy5pvZdUvBJF6ve,269815,4,CAR.,South of the River,Tom Misch
0.802,0.607,11,-11.028,0,0.289,0.205,0.000748,0.246,0.274,96.916,audio_features,02CygBCQOIyEuhNZqHHcNx,spotify:track:02CygBCQOIyEuhNZqHHcNx,https://api.spotify.com/v1/tracks/02CygBCQOIyEuhNZqHHcNx,https://api.spotify.com/v1/audio-analysis/02CygBCQOIyEuhNZqHHcNx,261881,4,CAR.,It Runs Through Me,Tom Misch
0.666,0.537,8,-10.467,1,0.249,0.477,0.0208,0.0656,0.653,93.002,audio_features,6Pd20wirRDM9k4e69px3dN,spotify:track:6Pd20wirRDM9k4e69px3dN,https://api.spotify.com/v1/tracks/6Pd20wirRDM9k4e69px3dN,https://api.spotify.com/v1/audio-analysis/6Pd20wirRDM9k4e69px3dN,271530,4,CAR.,Water Baby,Tom Misch
0.554,0.498,9,-8.866,1,0.0685,0.23,5.98e-06,0.795,0.413,79.635,audio_features,5hVghJ4KaYES3BFUATCYn0,spotify:track:5hVghJ4KaYES3BFUATCYn0,https://api.spotify.com/v1/tracks/5hVghJ4KaYES3BFUATCYn0,https://api.spotify.com/v1/audio-analysis/5hVghJ4KaYES3BFUATCYn0,190067,4,CAR.,EARFQUAKE,"Tyler, The Creator"
0.802,0.463,8,-8.379,1,0.162,0.236,0.00531,0.105,0.291,103.961,audio_features,39NDBdU5Xkm5pCFGa5kZtI,spotify:track:39NDBdU5Xkm5pCFGa5kZtI,https://api.spotify.com/v1/tracks/39NDBdU5Xkm5pCFGa5kZtI,https://api.spotify.com/v1/audio-analysis/39NDBdU5Xkm5pCFGa5kZtI,287040,4,CAR.,Ladders,Mac Miller
0.721,0.707,6,-6.364,1,0.0595,0.181,3.68e-06,0.143,0.743,125.005,audio_features,2aPTvyE09vUCRwVvj0I8WK,spotify:track:2aPTvyE09vUCRwVvj0I8WK,https://api.spotify.com/v1/tracks/2aPTvyE09vUCRwVvj0I8WK,https://api.spotify.com/v1/audio-analysis/2aPTvyE09vUCRwVvj0I8WK,158206,4,CAR.,Sundress,A$AP Rocky
0.76,0.579,0,-7.374,1,0.0567,0.0127,0.00344,0.106,0.129,100.011,audio_features,4j3GWI86JvSaF0BLdmgcfF,spotify:track:4j3GWI86JvSaF0BLdmgcfF,https://api.spotify.com/v1/tracks/4j3GWI86JvSaF0BLdmgcfF,https://api.spotify.com/v1/audio-analysis/4j3GWI86JvSaF0BLdmgcfF,213600,4,CAR.,Summertime Magic,Childish Gambino
0.55,0.596,7,-8.214,1,0.134,0.162,0.00481,0.0805,0.253,165.736,audio_features,7p4vHnYXkxlzvfePJVpcTr,spotify:track:7p4vHnYXkxlzvfePJVpcTr,https://api.spotify.com/v1/tracks/7p4vHnYXkxlzvfePJVpcTr,https://api.spotify.com/v1/audio-analysis/7p4vHnYXkxlzvfePJVpcTr,297404,4,CAR.,Feels Like Summer,Childish Gambino
0.65,0.545,0,-7.314,1,0.0386,0.484,0.0026,0.129,0.25,179.936,audio_features,5HBcMAMVgBVUWiLyiK7q4I,spotify:track:5HBcMAMVgBVUWiLyiK7q4I,https://api.spotify.com/v1/tracks/5HBcMAMVgBVUWiLyiK7q4I,https://api.spotify.com/v1/audio-analysis/5HBcMAMVgBVUWiLyiK7q4I,251293,4,CAR.,Deep Down Body Thurst,N.E.R.D
0.839,0.536,2,-10.304,0,0.0682,0.361,0.922,0.0879,0.124,115.03,audio_features,3al8a3uZrOZIHc6J1n8i5f,spotify:track:3al8a3uZrOZIHc6J1n8i5f,https://api.spotify.com/v1/tracks/3al8a3uZrOZIHc6J1n8i5f,https://api.spotify.com/v1/audio-analysis/3al8a3uZrOZIHc6J1n8i5f,253848,4,CAR.,Tick Tock,Tom Misch
0.598,0.71,0,-6.839,0,0.0272,0.0476,1.77e-05,0.1,0.726,97.976,audio_features,3O8X1DE9btbzy4UH9cSX9a,spotify:track:3O8X1DE9btbzy4UH9cSX9a,https://api.spotify.com/v1/tracks/3O8X1DE9btbzy4UH9cSX9a,https://api.spotify.com/v1/audio-analysis/3O8X1DE9btbzy4UH9cSX9a,274294,4,CAR.,Borderline,Tame Impala
0.592,0.767,9,-2.788,0,0.027,0.0021,0.00165,0.127,0.328,96.483,audio_features,48UPSzbZjgc449aqz8bxox,spotify:track:48UPSzbZjgc449aqz8bxox,https://api.spotify.com/v1/tracks/48UPSzbZjgc449aqz8bxox,https://api.spotify.com/v1/audio-analysis/48UPSzbZjgc449aqz8bxox,329733,4,CAR.,Californication,Red Hot Chili Peppers
0.685,0.745,1,-6.659,1,0.117,0.259,3.11e-05,0.107,0.834,103.119,audio_features,5IIq5uEYpUZoSjTEjqn7q1,spotify:track:5IIq5uEYpUZoSjTEjqn7q1,https://api.spotify.com/v1/tracks/5IIq5uEYpUZoSjTEjqn7q1,https://api.spotify.com/v1/audio-analysis/5IIq5uEYpUZoSjTEjqn7q1,207013,4,CAR.,La Di Da,The Internet
0.567,0.815,8,-4.915,1,0.141,0.0144,2.14e-05,0.126,0.325,164.834,audio_features,6RpunyUP44SDweJPDScLSF,spotify:track:6RpunyUP44SDweJPDScLSF,https://api.spotify.com/v1/tracks/6RpunyUP44SDweJPDScLSF,https://api.spotify.com/v1/audio-analysis/6RpunyUP44SDweJPDScLSF,266813,4,CAR.,Come Home (feat. André 3000),Anderson .Paak
0.537,0.558,11,-8.678,1,0.0929,0.263,0.91,0.102,0.505,131.037,audio_features,1MJ5f5EYBC92ADD6xcz7nb,spotify:track:1MJ5f5EYBC92ADD6xcz7nb,https://api.spotify.com/v1/tracks/1MJ5f5EYBC92ADD6xcz7nb,https://api.spotify.com/v1/audio-analysis/1MJ5f5EYBC92ADD6xcz7nb,231724,4,CAR.,Chamber Of Reflection,Mac DeMarco
0.43,0.771,5,-7.176,1,0.0375,0.0876,0.0239,0.121,0.772,201.001,audio_features,4keAoywVf4jxRvXU7ON0hV,spotify:track:4keAoywVf4jxRvXU7ON0hV,https://api.spotify.com/v1/tracks/4keAoywVf4jxRvXU7ON0hV,https://api.spotify.com/v1/audio-analysis/4keAoywVf4jxRvXU7ON0hV,145893,4,CAR.,Salad Days,Mac DeMarco
0.64,0.74,4,-4.083,1,0.0284,0.0115,0.00678,0.167,0.785,116.879,audio_features,6K4t31amVTZDgR3sKmwUJJ,spotify:track:6K4t31amVTZDgR3sKmwUJJ,https://api.spotify.com/v1/tracks/6K4t31amVTZDgR3sKmwUJJ,https://api.spotify.com/v1/audio-analysis/6K4t31amVTZDgR3sKmwUJJ,216320,4,CAR.,The Less I Know The Better,Tame Impala
0.751,0.576,0,-9.022,1,0.24,0.0796,9.73e-05,0.153,0.636,119.997,audio_features,7LMhHrfftRJVsmNpMnZew3,spotify:track:7LMhHrfftRJVsmNpMnZew3,https://api.spotify.com/v1/tracks/7LMhHrfftRJVsmNpMnZew3,https://api.spotify.com/v1/audio-analysis/7LMhHrfftRJVsmNpMnZew3,215551,4,CAR.,Amnesia (with Ari Lennox & Kiddominant),Bas
0.815,0.518,7,-6.594,0,0.0897,0.223,0.0,0.104,0.877,151.891,audio_features,1tNJrcVe6gwLEiZCtprs1u,spotify:track:1tNJrcVe6gwLEiZCtprs1u,https://api.spotify.com/v1/tracks/1tNJrcVe6gwLEiZCtprs1u,https://api.spotify.com/v1/audio-analysis/1tNJrcVe6gwLEiZCtprs1u,177667,4,CAR.,3 Nights,Dominic Fike
0.696,0.795,7,-5.591,0,0.0562,0.484,0.00451,0.182,0.658,83.982,audio_features,02dfEkxZ3MLk5E9XLQs9cd,spotify:track:02dfEkxZ3MLk5E9XLQs9cd,https://api.spotify.com/v1/tracks/02dfEkxZ3MLk5E9XLQs9cd,https://api.spotify.com/v1/audio-analysis/02dfEkxZ3MLk5E9XLQs9cd,197928,4,CAR.,Daydreaming,Milky Chance
0.812,0.816,2,-4.478,1,0.0448,0.0316,3.63e-05,0.153,0.88,110.965,audio_features,2UbuXuTdSC0oR0upCbiLx2,spotify:track:2UbuXuTdSC0oR0upCbiLx2,https://api.spotify.com/v1/tracks/2UbuXuTdSC0oR0upCbiLx2,https://api.spotify.com/v1/audio-analysis/2UbuXuTdSC0oR0upCbiLx2,182440,4,CAR.,Pick U Up,Foster The People
0.618,0.938,9,-3.442,1,0.0456,0.0179,0.0,0.167,0.875,91.455,audio_features,3ZOEytgrvLwQaqXreDs2Jx,spotify:track:3ZOEytgrvLwQaqXreDs2Jx,https://api.spotify.com/v1/tracks/3ZOEytgrvLwQaqXreDs2Jx,https://api.spotify.com/v1/audio-analysis/3ZOEytgrvLwQaqXreDs2Jx,269000,4,CAR.,Can't Stop,Red Hot Chili Peppers
0.846,0.681,1,-6.172,1,0.144,0.384,1.02e-05,0.185,0.696,117.978,audio_features,3iGNoYKIabGohB9A0C7dKU,spotify:track:3iGNoYKIabGohB9A0C7dKU,https://api.spotify.com/v1/tracks/3iGNoYKIabGohB9A0C7dKU,https://api.spotify.com/v1/audio-analysis/3iGNoYKIabGohB9A0C7dKU,186200,4,CAR.,MICHUUL.,Duckwrth
0.759,0.492,1,-10.338,0,0.12,0.736,0.00989,0.107,0.561,104.974,audio_features,2dgrYdgguVZKeCsrVb9XEs,spotify:track:2dgrYdgguVZKeCsrVb9XEs,https://api.spotify.com/v1/tracks/2dgrYdgguVZKeCsrVb9XEs,https://api.spotify.com/v1/audio-analysis/2dgrYdgguVZKeCsrVb9XEs,288640,4,CAR.,What's the Use?,Mac Miller
0.733,0.71,5,-5.849,0,0.0292,0.145,0.115,0.0956,0.965,127.975,audio_features,7w87IxuO7BDcJ3YUqCyMTT,spotify:track:7w87IxuO7BDcJ3YUqCyMTT,https://api.spotify.com/v1/tracks/7w87IxuO7BDcJ3YUqCyMTT,https://api.spotify.com/v1/audio-analysis/7w87IxuO7BDcJ3YUqCyMTT,239600,4,CAR.,Pumped Up Kicks,Foster The People
0.821,0.54,3,-7.001,1,0.0683,0.203,0.000657,0.102,0.587,114.022,audio_features,7bt5kLZihTKWaS86lYvj3g,spotify:track:7bt5kLZihTKWaS86lYvj3g,https://api.spotify.com/v1/tracks/7bt5kLZihTKWaS86lYvj3g,https://api.spotify.com/v1/audio-analysis/7bt5kLZihTKWaS86lYvj3g,250400,4,CAR.,Fado,Milky Chance
0.702,0.741,11,-7.537,0,0.0711,0.497,0.000802,0.331,0.794,120.008,audio_features,4WIpEgkpmeVPTBAO4pm5zy,spotify:track:4WIpEgkpmeVPTBAO4pm5zy,https://api.spotify.com/v1/tracks/4WIpEgkpmeVPTBAO4pm5zy,https://api.spotify.com/v1/audio-analysis/4WIpEgkpmeVPTBAO4pm5zy,257307,4,CAR.,Clouds,Milky Chance
0.87,0.699,5,-5.541,0,0.0459,0.245,6.76e-06,0.0588,0.726,126.967,audio_features,0mBkoM8r7KAQzZij5swTUL,spotify:track:0mBkoM8r7KAQzZij5swTUL,https://api.spotify.com/v1/tracks/0mBkoM8r7KAQzZij5swTUL,https://api.spotify.com/v1/audio-analysis/0mBkoM8r7KAQzZij5swTUL,198440,4,CAR.,Walking On A Dream,Empire of the Sun
0.586,0.786,2,-3.768,1,0.0484,0.0212,9.35e-05,0.642,0.326,115.959,audio_features,2P0NiuAfypaw5UZJoo0n0o,spotify:track:2P0NiuAfypaw5UZJoo0n0o,https://api.spotify.com/v1/tracks/2P0NiuAfypaw5UZJoo0n0o,https://api.spotify.com/v1/audio-analysis/2P0NiuAfypaw5UZJoo0n0o,273013,4,CAR.,It Might Be Time,Tame Impala
0.766,0.724,2,-6.645,0,0.0397,0.431,0.0467,0.108,0.367,121.981,audio_features,5JgMSRZPJ5Yi5Yu8tHfnoR,spotify:track:5JgMSRZPJ5Yi5Yu8tHfnoR,https://api.spotify.com/v1/tracks/5JgMSRZPJ5Yi5Yu8tHfnoR,https://api.spotify.com/v1/audio-analysis/5JgMSRZPJ5Yi5Yu8tHfnoR,189120,4,CAR.,Fallen,Milky Chance
0.72,0.808,6,-5.627,1,0.0379,0.00793,0.0293,0.0634,0.869,126.041,audio_features,49X0LAl6faAusYq02PRAY6,spotify:track:49X0LAl6faAusYq02PRAY6,https://api.spotify.com/v1/tracks/49X0LAl6faAusYq02PRAY6,https://api.spotify.com/v1/audio-analysis/49X0LAl6faAusYq02PRAY6,307154,4,CAR.,Lady - Hear Me Tonight,Modjo
0.409,0.802,3,-5.297,1,0.0383,0.00599,0.0,0.0882,0.351,94.518,audio_features,6BmimvnF33mdpISbrejq3I,spotify:track:6BmimvnF33mdpISbrejq3I,https://api.spotify.com/v1/tracks/6BmimvnF33mdpISbrejq3I,https://api.spotify.com/v1/audio-analysis/6BmimvnF33mdpISbrejq3I,187040,4,CAR.,Right Here,Red Electrick
0.569,0.84,1,-4.123,1,0.118,0.0295,0.000118,0.0995,0.749,183.059,audio_features,3eoNUm0LU9hATVVi9w4fM6,spotify:track:3eoNUm0LU9hATVVi9w4fM6,https://api.spotify.com/v1/tracks/3eoNUm0LU9hATVVi9w4fM6,https://api.spotify.com/v1/audio-analysis/3eoNUm0LU9hATVVi9w4fM6,249587,3,CAR.,Lost In Yesterday,Tame Impala
0.884,0.539,1,-6.389,0,0.208,0.239,0.0,0.0805,0.776,85.008,audio_features,3f9Mzvd3URfbbIJBX4pz9Z,spotify:track:3f9Mzvd3URfbbIJBX4pz9Z,https://api.spotify.com/v1/tracks/3f9Mzvd3URfbbIJBX4pz9Z,https://api.spotify.com/v1/audio-analysis/3f9Mzvd3URfbbIJBX4pz9Z,146827,4,CAR.,Phone Numbers,Dominic Fike
0.61,0.0316,9,-15.186,1,0.0486,0.896,0.00461,0.108,0.37,151.964,audio_features,4jXl6VtkFFKIt3ycUQc5LT,spotify:track:4jXl6VtkFFKIt3ycUQc5LT,https://api.spotify.com/v1/tracks/4jXl6VtkFFKIt3ycUQc5LT,https://api.spotify.com/v1/audio-analysis/4jXl6VtkFFKIt3ycUQc5LT,170360,4,CAR.,Circles,Mac Miller
0.831,0.36,0,-8.073,1,0.052,0.136,0.00217,0.0703,0.601,75.014,audio_features,3WfSNAoj2D8C9noPSGZZFM,spotify:track:3WfSNAoj2D8C9noPSGZZFM,https://api.spotify.com/v1/tracks/3WfSNAoj2D8C9noPSGZZFM,https://api.spotify.com/v1/audio-analysis/3WfSNAoj2D8C9noPSGZZFM,232212,4,CAR.,Complicated,Mac Miller
0.794,0.32,1,-12.92,0,0.173,0.853,0.134,0.112,0.241,174.088,audio_features,1DWZUa5Mzf2BwzpHtgbHPY,spotify:track:1DWZUa5Mzf2BwzpHtgbHPY,https://api.spotify.com/v1/tracks/1DWZUa5Mzf2BwzpHtgbHPY,https://api.spotify.com/v1/audio-analysis/1DWZUa5Mzf2BwzpHtgbHPY,342040,4,CAR.,Good News,Mac Miller
0.699,0.503,5,-9.922,0,0.0882,0.391,0.0126,0.0996,0.0546,114.86,audio_features,3R8CyhJfVjvgIROd5RSGhQ,spotify:track:3R8CyhJfVjvgIROd5RSGhQ,https://api.spotify.com/v1/tracks/3R8CyhJfVjvgIROd5RSGhQ,https://api.spotify.com/v1/audio-analysis/3R8CyhJfVjvgIROd5RSGhQ,220853,4,CAR.,I Can See,Mac Miller
0.677,0.33,2,-11.198,1,0.149,0.474,0.000871,0.064,0.336,68.985,audio_features,2Yv2mHzr5AQavVdwQjEokV,spotify:track:2Yv2mHzr5AQavVdwQjEokV,https://api.spotify.com/v1/tracks/2Yv2mHzr5AQavVdwQjEokV,https://api.spotify.com/v1/audio-analysis/2Yv2mHzr5AQavVdwQjEokV,298440,4,CAR.,Hand Me Downs,Mac Miller
0.583,0.499,10,-10.086,1,0.0261,0.591,0.0104,0.33,0.342,155.199,audio_features,0udOCZp7yk0Ml92C0k8H8D,spotify:track:0udOCZp7yk0Ml92C0k8H8D,https://api.spotify.com/v1/tracks/0udOCZp7yk0Ml92C0k8H8D,https://api.spotify.com/v1/audio-analysis/0udOCZp7yk0Ml92C0k8H8D,217868,3,CAR.,That's On Me,Mac Miller
0.762,0.054,2,-16.735,0,0.0503,0.947,0.0,0.124,0.339,96.838,audio_features,26G5nmIx7Yvq79bIIluyZV,spotify:track:26G5nmIx7Yvq79bIIluyZV,https://api.spotify.com/v1/tracks/26G5nmIx7Yvq79bIIluyZV,https://api.spotify.com/v1/audio-analysis/26G5nmIx7Yvq79bIIluyZV,160267,4,CAR.,Once A Day,Mac Miller
0.742,0.553,8,-8.98,1,0.419,0.389,0.0,0.0694,0.508,84.931,audio_features,2hwOoMtWPtTSSn6WHV7Vp5,spotify:track:2hwOoMtWPtTSSn6WHV7Vp5,https://api.spotify.com/v1/tracks/2hwOoMtWPtTSSn6WHV7Vp5,https://api.spotify.com/v1/audio-analysis/2hwOoMtWPtTSSn6WHV7Vp5,209440,4,CAR.,Blue World,Mac Miller
0.664,0.848,11,-4.51,0,0.0322,0.0245,0.000127,0.172,0.502,104.998,audio_features,3LbZIhU0smEU5SUnxod4j4,spotify:track:3LbZIhU0smEU5SUnxod4j4,https://api.spotify.com/v1/tracks/3LbZIhU0smEU5SUnxod4j4,https://api.spotify.com/v1/audio-analysis/3LbZIhU0smEU5SUnxod4j4,372867,4,CAR.,Breathe Deeper,Tame Impala
0.739,0.522,7,-12.304,0,0.151,0.821,0.00124,0.233,0.619,138.263,audio_features,4vHNeBWDQpVCmGbaccrRzi,spotify:track:4vHNeBWDQpVCmGbaccrRzi,https://api.spotify.com/v1/tracks/4vHNeBWDQpVCmGbaccrRzi,https://api.spotify.com/v1/audio-analysis/4vHNeBWDQpVCmGbaccrRzi,146390,4,CAR.,Goodie Bag,Still Woozy
0.663,0.656,10,-5.803,1,0.0875,0.187,0.0,0.522,0.667,88.973,audio_features,2hCOLHDVQhnu0qpLFV4ynj,spotify:track:2hCOLHDVQhnu0qpLFV4ynj,https://api.spotify.com/v1/tracks/2hCOLHDVQhnu0qpLFV4ynj,https://api.spotify.com/v1/audio-analysis/2hCOLHDVQhnu0qpLFV4ynj,207004,4,CAR.,nightmares,easy life
0.781,0.587,1,-8.057,0,0.187,0.489,0.00375,0.1,0.843,86.963,audio_features,3QysXZ7h7NIsi8WAusDCBR,spotify:track:3QysXZ7h7NIsi8WAusDCBR,https://api.spotify.com/v1/tracks/3QysXZ7h7NIsi8WAusDCBR,https://api.spotify.com/v1/audio-analysis/3QysXZ7h7NIsi8WAusDCBR,201507,4,CAR.,sunday,easy life
0.705,0.613,6,-9.317,0,0.158,0.218,1.81e-06,0.304,0.459,89.505,audio_features,3Dvq01GbtvhYKHUOaQkdwZ,spotify:track:3Dvq01GbtvhYKHUOaQkdwZ,https://api.spotify.com/v1/tracks/3Dvq01GbtvhYKHUOaQkdwZ,https://api.spotify.com/v1/audio-analysis/3Dvq01GbtvhYKHUOaQkdwZ,186811,4,CAR.,earth,easy life
0.682,0.281,5,-14.267,1,0.126,0.804,0.359,0.106,0.475,82.954,audio_features,165cwz4wGlGz0uDBhxdKLY,spotify:track:165cwz4wGlGz0uDBhxdKLY,https://api.spotify.com/v1/tracks/165cwz4wGlGz0uDBhxdKLY,https://api.spotify.com/v1/audio-analysis/165cwz4wGlGz0uDBhxdKLY,287871,4,CAR.,Right,Mac Miller
0.505,0.391,3,-11.599,1,0.0416,0.669,0.052,0.113,0.36,135.12,audio_features,7BCzMKLKQwVSLtZcDGJTJt,spotify:track:7BCzMKLKQwVSLtZcDGJTJt,https://api.spotify.com/v1/tracks/7BCzMKLKQwVSLtZcDGJTJt,https://api.spotify.com/v1/audio-analysis/7BCzMKLKQwVSLtZcDGJTJt,254099,4,CAR.,Floating,Mac Miller
0.621,0.538,10,-9.307,1,0.0401,0.0117,0.0189,0.583,0.311,85.977,audio_features,2Aq78kKI9yuloJQkcbhQbU,spotify:track:2Aq78kKI9yuloJQkcbhQbU,https://api.spotify.com/v1/tracks/2Aq78kKI9yuloJQkcbhQbU,https://api.spotify.com/v1/audio-analysis/2Aq78kKI9yuloJQkcbhQbU,367293,4,CAR.,Time (feat. Ariana Grande),Childish Gambino
0.715,0.597,0,-8.939,1,0.0749,0.012,0.00273,0.0925,0.186,114.98,audio_features,5X4R93Qcw54yp9Utwy7Mlr,spotify:track:5X4R93Qcw54yp9Utwy7Mlr,https://api.spotify.com/v1/tracks/5X4R93Qcw54yp9Utwy7Mlr,https://api.spotify.com/v1/audio-analysis/5X4R93Qcw54yp9Utwy7Mlr,308547,4,CAR.,19.10,Childish Gambino
0.798,0.559,5,-10.868,1,0.0592,0.286,0.0,0.349,0.604,102.018,audio_features,4vS4FB3HXgOSmICeqEY0Gh,spotify:track:4vS4FB3HXgOSmICeqEY0Gh,https://api.spotify.com/v1/tracks/4vS4FB3HXgOSmICeqEY0Gh,https://api.spotify.com/v1/audio-analysis/4vS4FB3HXgOSmICeqEY0Gh,236507,4,CAR.,35.31,Childish Gambino
0.681,0.597,4,-12.623,0,0.0637,0.378,0.582,0.125,0.486,148.018,audio_features,7l8qR2ndOxgE9hbfQf6gxA,spotify:track:7l8qR2ndOxgE9hbfQf6gxA,https://api.spotify.com/v1/tracks/7l8qR2ndOxgE9hbfQf6gxA,https://api.spotify.com/v1/audio-analysis/7l8qR2ndOxgE9hbfQf6gxA,360933,4,CAR.,47.48,Childish Gambino
0.447,0.72,7,-3.954,1,0.0332,0.0416,0.000297,0.614,0.362,157.892,audio_features,6p8eEdiZLKJH8tcjGZuNTK,spotify:track:6p8eEdiZLKJH8tcjGZuNTK,https://api.spotify.com/v1/tracks/6p8eEdiZLKJH8tcjGZuNTK,https://api.spotify.com/v1/audio-analysis/6p8eEdiZLKJH8tcjGZuNTK,195000,3,CAR.,Run,Joji
0.482,0.631,5,-6.917,1,0.0986,0.696,0.0242,0.209,0.0743,126.576,audio_features,2hfoyc7ve6xM4ZEiNIiU1B,spotify:track:2hfoyc7ve6xM4ZEiNIiU1B,https://api.spotify.com/v1/tracks/2hfoyc7ve6xM4ZEiNIiU1B,https://api.spotify.com/v1/audio-analysis/2hfoyc7ve6xM4ZEiNIiU1B,214558,3,CAR.,Gimme Love,Joji
0.686,0.539,1,-9.408,0,0.092,0.545,0.000564,0.14,0.36,123.929,audio_features,4bOr88BuLILM22g8FKQWrG,spotify:track:4bOr88BuLILM22g8FKQWrG,https://api.spotify.com/v1/tracks/4bOr88BuLILM22g8FKQWrG,https://api.spotify.com/v1/audio-analysis/4bOr88BuLILM22g8FKQWrG,222147,4,CAR.,Will He (Medasin Remix),Joji
0.552,0.65,1,-7.199,1,0.128,0.422,0.000275,0.372,0.316,167.788,audio_features,3xaugmCyXrVkrDTXbFkMW3,spotify:track:3xaugmCyXrVkrDTXbFkMW3,https://api.spotify.com/v1/tracks/3xaugmCyXrVkrDTXbFkMW3,https://api.spotify.com/v1/audio-analysis/3xaugmCyXrVkrDTXbFkMW3,180019,4,CAR.,Sanctuary,Joji
0.651,0.64,9,-8.386,0,0.0866,0.656,0.391,0.151,0.646,91.087,audio_features,39WFZVKifA8Fl2TZI2kp0S,spotify:track:39WFZVKifA8Fl2TZI2kp0S,https://api.spotify.com/v1/tracks/39WFZVKifA8Fl2TZI2kp0S,https://api.spotify.com/v1/audio-analysis/39WFZVKifA8Fl2TZI2kp0S,240331,4,CAR.,Last 100,Tom Misch
0.818,0.623,9,-5.901,0,0.043,0.201,0.0,0.112,0.968,120.104,audio_features,6lIRYe72fn1pf7TNqfI0ul,spotify:track:6lIRYe72fn1pf7TNqfI0ul,https://api.spotify.com/v1/tracks/6lIRYe72fn1pf7TNqfI0ul,https://api.spotify.com/v1/audio-analysis/6lIRYe72fn1pf7TNqfI0ul,138000,4,CAR.,"Cheesin’ (with Cautious Clay, Remi Wolf, Still Woozy, Sophie Meiers, Claud, Melanie Faye, & HXNS)",Cautious Clay
0.515,0.479,3,-7.458,1,0.0261,0.544,0.00598,0.191,0.284,88.964,audio_features,0rKtyWc8bvkriBthvHKY8d,spotify:track:0rKtyWc8bvkriBthvHKY8d,https://api.spotify.com/v1/tracks/0rKtyWc8bvkriBthvHKY8d,https://api.spotify.com/v1/audio-analysis/0rKtyWc8bvkriBthvHKY8d,209274,4,CAR.,SLOW DANCING IN THE DARK,Joji
0.695,0.762,0,-3.497,1,0.0395,0.192,0.00244,0.0863,0.553,120.042,audio_features,21jGcNKet2qwijlDFuPiPb,spotify:track:21jGcNKet2qwijlDFuPiPb,https://api.spotify.com/v1/tracks/21jGcNKet2qwijlDFuPiPb,https://api.spotify.com/v1/audio-analysis/21jGcNKet2qwijlDFuPiPb,215280,4,CAR.,Circles,Post Malone
0.838,0.536,2,-6.288,1,0.0435,0.072,0.000259,0.208,0.89,119.956,audio_features,24G1PXBWoRgV0wDXZKwxzz,spotify:track:24G1PXBWoRgV0wDXZKwxzz,https://api.spotify.com/v1/tracks/24G1PXBWoRgV0wDXZKwxzz,https://api.spotify.com/v1/audio-analysis/24G1PXBWoRgV0wDXZKwxzz,224444,4,CAR.,N Side,Steve Lacy
0.809,0.613,2,-8.402,1,0.175,0.0685,0.0,0.107,0.562,104.991,audio_features,6tqIes4TjudsjfIpK4P2Jh,spotify:track:6tqIes4TjudsjfIpK4P2Jh,https://api.spotify.com/v1/tracks/6tqIes4TjudsjfIpK4P2Jh,https://api.spotify.com/v1/audio-analysis/6tqIes4TjudsjfIpK4P2Jh,252779,4,CAR.,Long Beach,Kota the Friend
0.803,0.636,11,-4.64,0,0.0322,0.0231,0.00505,0.0791,0.817,122.966,audio_features,0TVwMTKyuSp41ytctKTA3T,spotify:track:0TVwMTKyuSp41ytctKTA3T,https://api.spotify.com/v1/tracks/0TVwMTKyuSp41ytctKTA3T,https://api.spotify.com/v1/audio-analysis/0TVwMTKyuSp41ytctKTA3T,205147,4,CAR.,Feel the Way I Do,The Jungle Giants
0.753,0.461,8,-8.857,0,0.0585,0.496,0.000372,0.116,0.897,103.919,audio_features,3xUoFmauSdcqntvnmc39XZ,spotify:track:3xUoFmauSdcqntvnmc39XZ,https://api.spotify.com/v1/tracks/3xUoFmauSdcqntvnmc39XZ,https://api.spotify.com/v1/audio-analysis/3xUoFmauSdcqntvnmc39XZ,179908,4,CAR.,Wiggle,binki
0.909,0.42,1,-7.042,0,0.142,0.137,0.000173,0.135,0.519,100.121,audio_features,7gqjd3riJJUDxf6oTO9Zwm,spotify:track:7gqjd3riJJUDxf6oTO9Zwm,https://api.spotify.com/v1/tracks/7gqjd3riJJUDxf6oTO9Zwm,https://api.spotify.com/v1/audio-analysis/7gqjd3riJJUDxf6oTO9Zwm,212480,4,CAR.,Lockdown,Anderson .Paak
0.755,0.477,1,-11.461,1,0.218,0.226,0.077,0.268,0.874,147.451,audio_features,0phxK01nh2jkPnYe9wLfdO,spotify:track:0phxK01nh2jkPnYe9wLfdO,https://api.spotify.com/v1/tracks/0phxK01nh2jkPnYe9wLfdO,https://api.spotify.com/v1/audio-analysis/0phxK01nh2jkPnYe9wLfdO,127044,4,CAR.,Ipanema,Still Woozy
0.62,0.786,9,-5.22,0,0.167,0.143,0.0,0.46,0.679,164.057,audio_features,24FR8mXTaiGZPrxnkf1kcP,spotify:track:24FR8mXTaiGZPrxnkf1kcP,https://api.spotify.com/v1/tracks/24FR8mXTaiGZPrxnkf1kcP,https://api.spotify.com/v1/audio-analysis/24FR8mXTaiGZPrxnkf1kcP,265191,4,CAR.,Hit My Line,Logic
0.528,0.749,7,-7.571,1,0.0479,0.00488,9.6e-05,0.0949,0.729,163.944,audio_features,6Ed1q0X8oSKSm4IIhiQbYg,spotify:track:6Ed1q0X8oSKSm4IIhiQbYg,https://api.spotify.com/v1/tracks/6Ed1q0X8oSKSm4IIhiQbYg,https://api.spotify.com/v1/audio-analysis/6Ed1q0X8oSKSm4IIhiQbYg,163906,4,CAR.,Daylight,Joji
0.817,0.577,6,-8.63,0,0.0659,0.117,0.000385,0.183,0.928,112.025,audio_features,3jLHo30ucbkYY9P7v8leKh,spotify:track:3jLHo30ucbkYY9P7v8leKh,https://api.spotify.com/v1/tracks/3jLHo30ucbkYY9P7v8leKh,https://api.spotify.com/v1/audio-analysis/3jLHo30ucbkYY9P7v8leKh,130714,4,CAR.,Sea Sick,binki
0.584,0.684,10,-4.314,0,0.567,0.312,9.05e-05,0.112,0.72,210.164,audio_features,3NRql0A1Ef4RCvT473iqgD,spotify:track:3NRql0A1Ef4RCvT473iqgD,https://api.spotify.com/v1/tracks/3NRql0A1Ef4RCvT473iqgD,https://api.spotify.com/v1/audio-analysis/3NRql0A1Ef4RCvT473iqgD,213573,4,CAR.,Hell N Back,Bakar
0.579,0.646,10,-4.638,0,0.0402,0.0379,0.000499,0.114,0.326,87.962,audio_features,4PDfwhqOmkkocOHg4Rh4Mq,spotify:track:4PDfwhqOmkkocOHg4Rh4Mq,https://api.spotify.com/v1/tracks/4PDfwhqOmkkocOHg4Rh4Mq,https://api.spotify.com/v1/audio-analysis/4PDfwhqOmkkocOHg4Rh4Mq,220651,4,CAR.,Becky,Aminé
0.729,0.874,2,-5.585,1,0.0324,0.134,0.00011,0.198,0.917,123.001,audio_features,4P04T22VRDMfG7Yk0SMMxP,spotify:track:4P04T22VRDMfG7Yk0SMMxP,https://api.spotify.com/v1/tracks/4P04T22VRDMfG7Yk0SMMxP,https://api.spotify.com/v1/audio-analysis/4P04T22VRDMfG7Yk0SMMxP,195535,4,CAR.,Cabin Fever,Jaden
0.744,0.777,0,-5.577,1,0.353,0.461,0.0,0.767,0.813,158.052,audio_features,68wXv4DokvcOVNvuJ7FbWp,spotify:track:68wXv4DokvcOVNvuJ7FbWp,https://api.spotify.com/v1/tracks/68wXv4DokvcOVNvuJ7FbWp,https://api.spotify.com/v1/audio-analysis/68wXv4DokvcOVNvuJ7FbWp,177040,4,CAR.,CUT EM IN (feat. Rick Ross),Anderson .Paak
0.838,0.432,6,-14.398,1,0.228,0.562,0.363,0.0987,0.127,99.978,audio_features,4yMT3mbUsiukLDRqPfQ9rN,spotify:track:4yMT3mbUsiukLDRqPfQ9rN,https://api.spotify.com/v1/tracks/4yMT3mbUsiukLDRqPfQ9rN,https://api.spotify.com/v1/audio-analysis/4yMT3mbUsiukLDRqPfQ9rN,259200,4,CAR.,Losing My Way,FKJ
0.654,0.506,11,-17.18,0,0.0535,0.686,0.0155,0.155,0.831,123.179,audio_features,54eZmuggBFJbV7k248bTTt,spotify:track:54eZmuggBFJbV7k248bTTt,https://api.spotify.com/v1/tracks/54eZmuggBFJbV7k248bTTt,https://api.spotify.com/v1/audio-analysis/54eZmuggBFJbV7k248bTTt,252240,4,CAR.,A Horse with No Name,America
0.604,0.789,2,-5.748,0,0.287,0.448,0.0,0.152,0.651,170.339,audio_features,7JcQlgYb0bewNr7autv7gm,spotify:track:7JcQlgYb0bewNr7autv7gm,https://api.spotify.com/v1/tracks/7JcQlgYb0bewNr7autv7gm,https://api.spotify.com/v1/audio-analysis/7JcQlgYb0bewNr7autv7gm,146771,4,CAR.,Amen,Logic
0.897,0.666,11,-7.324,0,0.0644,0.146,0.00508,0.0953,0.537,113.014,audio_features,6t5syYlCH51Gje6CV4IZZp,spotify:track:6t5syYlCH51Gje6CV4IZZp,https://api.spotify.com/v1/tracks/6t5syYlCH51Gje6CV4IZZp,https://api.spotify.com/v1/audio-analysis/6t5syYlCH51Gje6CV4IZZp,218000,4,CAR.,Sunshine,Tom Misch
0.884,0.653,11,-7.653,0,0.0586,0.371,0.00135,0.812,0.766,108.548,audio_features,2IFFKj9orAsQOOS0JRhHAW,spotify:track:2IFFKj9orAsQOOS0JRhHAW,https://api.spotify.com/v1/tracks/2IFFKj9orAsQOOS0JRhHAW,https://api.spotify.com/v1/audio-analysis/2IFFKj9orAsQOOS0JRhHAW,174213,4,CAR.,JEWELZ,Anderson .Paak
0.408,0.532,10,-12.457,0,0.345,0.578,4.05e-05,0.0734,0.584,102.042,audio_features,3ElQ7H3s86FLZvZhQEQdFw,spotify:track:3ElQ7H3s86FLZvZhQEQdFw,https://api.spotify.com/v1/tracks/3ElQ7H3s86FLZvZhQEQdFw,https://api.spotify.com/v1/audio-analysis/3ElQ7H3s86FLZvZhQEQdFw,187273,4,CAR.,New Love Song,Duckwrth
0.616,0.458,3,-11.832,1,0.0455,0.503,0.0035,0.115,0.53,79.574,audio_features,1qxZswAdBvM0JMUoV83J1b,spotify:track:1qxZswAdBvM0JMUoV83J1b,https://api.spotify.com/v1/tracks/1qxZswAdBvM0JMUoV83J1b,https://api.spotify.com/v1/audio-analysis/1qxZswAdBvM0JMUoV83J1b,133987,3,CAR.,BS,Still Woozy
0.665,0.57,9,-6.896,0,0.0341,0.066,2.98e-06,0.0822,0.396,95.983,audio_features,3wXw9CsZsxca37dbzHUx4g,spotify:track:3wXw9CsZsxca37dbzHUx4g,https://api.spotify.com/v1/tracks/3wXw9CsZsxca37dbzHUx4g,https://api.spotify.com/v1/audio-analysis/3wXw9CsZsxca37dbzHUx4g,194864,4,CAR.,Rollin' Stone,Kyle Lux
0.904,0.489,2,-9.069,0,0.436,0.145,0.00909,0.111,0.545,109.936,audio_features,2M1QErJUvVHeEwQwAo8qIU,spotify:track:2M1QErJUvVHeEwQwAo8qIU,https://api.spotify.com/v1/tracks/2M1QErJUvVHeEwQwAo8qIU,https://api.spotify.com/v1/audio-analysis/2M1QErJUvVHeEwQwAo8qIU,174545,4,CAR.,Tender Love,Christian Rich
0.734,0.518,11,-9.514,0,0.0813,0.556,0.00282,0.111,0.555,101.083,audio_features,5uDohC8URXwbGiHAMuKGoa,spotify:track:5uDohC8URXwbGiHAMuKGoa,https://api.spotify.com/v1/tracks/5uDohC8URXwbGiHAMuKGoa,https://api.spotify.com/v1/audio-analysis/5uDohC8URXwbGiHAMuKGoa,166000,4,CAR.,Rocky,Still Woozy
0.752,0.65,4,-6.194,1,0.0334,0.264,1.38e-06,0.313,0.904,141.16,audio_features,0ClnfM4PI0wjlCVTJc9lP7,spotify:track:0ClnfM4PI0wjlCVTJc9lP7,https://api.spotify.com/v1/tracks/0ClnfM4PI0wjlCVTJc9lP7,https://api.spotify.com/v1/audio-analysis/0ClnfM4PI0wjlCVTJc9lP7,177000,4,CAR.,24 / 7 / 365,Surfaces
0.724,0.603,10,-6.261,0,0.0317,0.183,0.000469,0.0948,0.569,111.493,audio_features,6a88fc0zSrVWGPdoj445nJ,spotify:track:6a88fc0zSrVWGPdoj445nJ,https://api.spotify.com/v1/tracks/6a88fc0zSrVWGPdoj445nJ,https://api.spotify.com/v1/audio-analysis/6a88fc0zSrVWGPdoj445nJ,240880,4,CAR.,Keep Moving,Jungle
0.809,0.463,11,-11.377,1,0.0396,0.256,0.085,0.109,0.364,111.98,audio_features,5mCPDVBb16L4XQwDdbRUpz,spotify:track:5mCPDVBb16L4XQwDdbRUpz,https://api.spotify.com/v1/tracks/5mCPDVBb16L4XQwDdbRUpz,https://api.spotify.com/v1/audio-analysis/5mCPDVBb16L4XQwDdbRUpz,298941,4,CAR.,Passionfruit,Drake
0.779,0.733,9,-8.137,0,0.0734,0.0177,0.0011,0.591,0.515,115.009,audio_features,3Tda2M4pWcGwRvME3dGM2K,spotify:track:3Tda2M4pWcGwRvME3dGM2K,https://api.spotify.com/v1/tracks/3Tda2M4pWcGwRvME3dGM2K,https://api.spotify.com/v1/audio-analysis/3Tda2M4pWcGwRvME3dGM2K,178714,4,CAR.,skeletons,easy life
0.861,0.533,0,-5.995,1,0.199,0.253,1.71e-06,0.0535,0.61,111.986,audio_features,3BINSFSuHalV8yoX3zAVbl,spotify:track:3BINSFSuHalV8yoX3zAVbl,https://api.spotify.com/v1/tracks/3BINSFSuHalV8yoX3zAVbl,https://api.spotify.com/v1/audio-analysis/3BINSFSuHalV8yoX3zAVbl,211213,4,CAR.,Juice,Young Franco
0.633,0.537,6,-10.45,0,0.0544,0.0141,3.72e-05,0.103,0.889,117.907,audio_features,5uIRujGRZv5t4fGKkUTv4n,spotify:track:5uIRujGRZv5t4fGKkUTv4n,https://api.spotify.com/v1/tracks/5uIRujGRZv5t4fGKkUTv4n,https://api.spotify.com/v1/audio-analysis/5uIRujGRZv5t4fGKkUTv4n,197947,4,CAR.,Feeling Lonely,boy pablo
0.618,0.477,0,-10.994,1,0.251,0.396,0.0036,0.0728,0.454,106.767,audio_features,7N0Vn5ew5O3Q8j0KtfW3wU,spotify:track:7N0Vn5ew5O3Q8j0KtfW3wU,https://api.spotify.com/v1/tracks/7N0Vn5ew5O3Q8j0KtfW3wU,https://api.spotify.com/v1/audio-analysis/7N0Vn5ew5O3Q8j0KtfW3wU,218224,4,CAR.,Rollercoaster,Full Crate
0.761,0.525,11,-6.9,1,0.0944,0.44,6.7e-06,0.0921,0.531,80.87,audio_features,3USxtqRwSYz57Ewm6wWRMp,spotify:track:3USxtqRwSYz57Ewm6wWRMp,https://api.spotify.com/v1/tracks/3USxtqRwSYz57Ewm6wWRMp,https://api.spotify.com/v1/audio-analysis/3USxtqRwSYz57Ewm6wWRMp,238805,4,CAR.,Heat Waves,Glass Animals
0.529,0.894,2,-3.599,1,0.0412,0.308,5.38e-06,0.254,0.543,108.024,audio_features,3lB0GMiI5KxDbTOG8V3bOx,spotify:track:3lB0GMiI5KxDbTOG8V3bOx,https://api.spotify.com/v1/tracks/3lB0GMiI5KxDbTOG8V3bOx,https://api.spotify.com/v1/audio-analysis/3lB0GMiI5KxDbTOG8V3bOx,253347,4,CAR.,waves - Tame Impala Remix,Miguel
0.779,0.605,5,-7.294,0,0.0315,0.758,0.665,0.0918,0.735,126.031,audio_features,2hhVlIZmGEGfNeVIYnMUAG,spotify:track:2hhVlIZmGEGfNeVIYnMUAG,https://api.spotify.com/v1/tracks/2hhVlIZmGEGfNeVIYnMUAG,https://api.spotify.com/v1/audio-analysis/2hhVlIZmGEGfNeVIYnMUAG,208947,4,CAR.,The Sun,Myd
0.646,0.695,2,-6.34,1,0.0545,0.513,0.00723,0.154,0.514,105.978,audio_features,7CFbh9XfJ40XaYWgCbYX3H,spotify:track:7CFbh9XfJ40XaYWgCbYX3H,https://api.spotify.com/v1/tracks/7CFbh9XfJ40XaYWgCbYX3H,https://api.spotify.com/v1/audio-analysis/7CFbh9XfJ40XaYWgCbYX3H,246815,4,CAR.,Beat 54 (All Good Now),Jungle
0.843,0.585,1,-14.268,1,0.0652,0.64,0.0456,0.131,0.835,91.937,audio_features,1BXastKgdI3AiFipVt69Fv,spotify:track:1BXastKgdI3AiFipVt69Fv,https://api.spotify.com/v1/tracks/1BXastKgdI3AiFipVt69Fv,https://api.spotify.com/v1/audio-analysis/1BXastKgdI3AiFipVt69Fv,279373,4,CAR.,Jettin',Digable Planets
0.708,0.598,5,-8.365,1,0.0291,0.037,0.0,0.17,0.698,112.027,audio_features,2sXf2JdbB2GlNju00kw9WE,spotify:track:2sXf2JdbB2GlNju00kw9WE,https://api.spotify.com/v1/tracks/2sXf2JdbB2GlNju00kw9WE,https://api.spotify.com/v1/audio-analysis/2sXf2JdbB2GlNju00kw9WE,203123,4,CAR.,Skate,Bruno Mars
0.671,0.86,10,-6.887,0,0.0383,0.116,0.00139,0.15,0.79,97.037,audio_features,50kXxYwLylVddXQaiGMck1,spotify:track:50kXxYwLylVddXQaiGMck1,https://api.spotify.com/v1/tracks/50kXxYwLylVddXQaiGMck1,https://api.spotify.com/v1/audio-analysis/50kXxYwLylVddXQaiGMck1,156000,4,CAR.,Woof,Still Woozy
0.72,0.808,6,-5.627,1,0.0379,0.00793,0.0293,0.0634,0.869,126.041,audio_features,49X0LAl6faAusYq02PRAY6,spotify:track:49X0LAl6faAusYq02PRAY6,https://api.spotify.com/v1/tracks/49X0LAl6faAusYq02PRAY6,https://api.spotify.com/v1/audio-analysis/49X0LAl6faAusYq02PRAY6,307154,4,BEETZ.,Lady - Hear Me Tonight,Modjo
0.58,0.89,6,-5.559,1,0.036,6.54e-05,0.000446,0.0518,0.909,124.971,audio_features,3Nxw6eeFpBwUbxVuSY6NC0,spotify:track:3Nxw6eeFpBwUbxVuSY6NC0,https://api.spotify.com/v1/tracks/3Nxw6eeFpBwUbxVuSY6NC0,https://api.spotify.com/v1/audio-analysis/3Nxw6eeFpBwUbxVuSY6NC0,293732,4,BEETZ.,Chillin',Modjo
0.613,0.697,2,-8.618,1,0.133,0.0194,0.0,0.332,0.476,122.746,audio_features,0DiWol3AO6WpXZgp0goxAV,spotify:track:0DiWol3AO6WpXZgp0goxAV,https://api.spotify.com/v1/tracks/0DiWol3AO6WpXZgp0goxAV,https://api.spotify.com/v1/audio-analysis/0DiWol3AO6WpXZgp0goxAV,320357,4,BEETZ.,One More Time,Daft Punk
0.669,0.743,7,-11.488,1,0.0494,0.288,0.805,0.309,0.28,119.881,audio_features,7cMFjxhbXBpOlais7KMF3j,spotify:track:7cMFjxhbXBpOlais7KMF3j,https://api.spotify.com/v1/tracks/7cMFjxhbXBpOlais7KMF3j,https://api.spotify.com/v1/audio-analysis/7cMFjxhbXBpOlais7KMF3j,227867,4,BEETZ.,Voyager,Daft Punk
0.765,0.788,0,-6.256,0,0.0828,0.000623,0.763,0.131,0.585,125.478,audio_features,7z8sOQkzkoT9SCYQSWenjs,spotify:track:7z8sOQkzkoT9SCYQSWenjs,https://api.spotify.com/v1/tracks/7z8sOQkzkoT9SCYQSWenjs,https://api.spotify.com/v1/audio-analysis/7z8sOQkzkoT9SCYQSWenjs,254119,4,BEETZ.,Music Takes You Back,Modjo
0.738,0.657,5,-10.414,0,0.0463,0.000315,0.000846,0.137,0.717,123.933,audio_features,0J6lDdvg2ynXCmSH63jpsS,spotify:track:0J6lDdvg2ynXCmSH63jpsS,https://api.spotify.com/v1/tracks/0J6lDdvg2ynXCmSH63jpsS,https://api.spotify.com/v1/audio-analysis/0J6lDdvg2ynXCmSH63jpsS,205107,4,BEETZ.,Lola's Theme - Radio Edit,The Shapeshifters
0.69,0.748,4,-8.41,0,0.0779,0.000348,0.0917,0.75,0.869,127.055,audio_features,6h7wlQ6zbdlFgUqravjfPQ,spotify:track:6h7wlQ6zbdlFgUqravjfPQ,https://api.spotify.com/v1/tracks/6h7wlQ6zbdlFgUqravjfPQ,https://api.spotify.com/v1/audio-analysis/6h7wlQ6zbdlFgUqravjfPQ,191160,4,BEETZ.,The Weekend - Radio Edit,Michael Gray
0.739,0.875,6,-3.645,0,0.0507,0.0044,0.112,0.324,0.928,131.98,audio_features,60qbU5QgEnzBqUfXSUh0mc,spotify:track:60qbU5QgEnzBqUfXSUh0mc,https://api.spotify.com/v1/tracks/60qbU5QgEnzBqUfXSUh0mc,https://api.spotify.com/v1/audio-analysis/60qbU5QgEnzBqUfXSUh0mc,212695,4,BEETZ.,Turn Around (Hey What's Wrong With You),Phats & Small
0.869,0.785,8,-9.005,1,0.129,0.00714,0.838,0.0409,0.743,124.845,audio_features,34cFk3eV9zR7OslP4XeXLi,spotify:track:34cFk3eV9zR7OslP4XeXLi,https://api.spotify.com/v1/tracks/34cFk3eV9zR7OslP4XeXLi,https://api.spotify.com/v1/audio-analysis/34cFk3eV9zR7OslP4XeXLi,212960,4,BEETZ.,Make Luv - Radio Edit,Room 5
0.678,0.936,5,-4.876,0,0.0373,0.00166,0.457,0.376,0.877,129.996,audio_features,6Ss1QOGzn0iG8hrRRSGrr9,spotify:track:6Ss1QOGzn0iG8hrRRSGrr9,https://api.spotify.com/v1/tracks/6Ss1QOGzn0iG8hrRRSGrr9,https://api.spotify.com/v1/audio-analysis/6Ss1QOGzn0iG8hrRRSGrr9,198000,4,BEETZ.,It Just Won't Do - Radio Edit,Tim Deluxe
0.613,0.962,6,-5.07,0,0.278,0.034,0.0,0.824,0.496,113.015,audio_features,33yAEqzKXexYM3WlOYtTfQ,spotify:track:33yAEqzKXexYM3WlOYtTfQ,https://api.spotify.com/v1/tracks/33yAEqzKXexYM3WlOYtTfQ,https://api.spotify.com/v1/audio-analysis/33yAEqzKXexYM3WlOYtTfQ,242267,4,BEETZ.,D.A.N.C.E,Justice
0.646,0.904,2,-7.058,0,0.0323,0.044,0.0105,0.0889,0.623,120.005,audio_features,4PxoDlPrwGtmWqFA4pm57U,spotify:track:4PxoDlPrwGtmWqFA4pm57U,https://api.spotify.com/v1/tracks/4PxoDlPrwGtmWqFA4pm57U,https://api.spotify.com/v1/audio-analysis/4PxoDlPrwGtmWqFA4pm57U,227440,4,BEETZ.,Gypsy Woman (She's Homeless) - Radio Edit,Crystal Waters
0.781,0.847,0,-5.327,0,0.373,0.0288,5.78e-05,0.277,0.65,127.992,audio_features,0AT0ccoUN1Fz42s0Bsf2D0,spotify:track:0AT0ccoUN1Fz42s0Bsf2D0,https://api.spotify.com/v1/tracks/0AT0ccoUN1Fz42s0Bsf2D0,https://api.spotify.com/v1/audio-analysis/0AT0ccoUN1Fz42s0Bsf2D0,302920,4,BEETZ.,aNYway,Duck Sauce
0.843,0.448,0,-10.398,1,0.316,0.0126,0.000944,0.0826,0.172,119.564,audio_features,0HOq63A8H2BMIJzGFdWs79,spotify:track:0HOq63A8H2BMIJzGFdWs79,https://api.spotify.com/v1/tracks/0HOq63A8H2BMIJzGFdWs79,https://api.spotify.com/v1/audio-analysis/0HOq63A8H2BMIJzGFdWs79,344120,4,BEETZ.,TRACK UNO,KAYTRANADA
0.706,0.961,4,-3.609,0,0.057,0.000946,0.0653,0.117,0.928,130.027,audio_features,0HnaHNLndwgiIOL2XBRnL4,spotify:track:0HnaHNLndwgiIOL2XBRnL4,https://api.spotify.com/v1/tracks/0HnaHNLndwgiIOL2XBRnL4,https://api.spotify.com/v1/audio-analysis/0HnaHNLndwgiIOL2XBRnL4,234000,4,BEETZ.,Sun Is Shining - Radio De Luxe Mix,Funkstar De Luxe
0.625,0.832,8,-5.853,1,0.132,0.0606,0.000201,0.135,0.3,115.999,audio_features,7yR0ivkRJQR2djuGf0S2gb,spotify:track:7yR0ivkRJQR2djuGf0S2gb,https://api.spotify.com/v1/tracks/7yR0ivkRJQR2djuGf0S2gb,https://api.spotify.com/v1/audio-analysis/7yR0ivkRJQR2djuGf0S2gb,211552,4,BEETZ.,All About You (feat. Foster The People) - The Knocks VIP Mix,The Knocks
0.794,0.89,0,-9.438,1,0.0431,0.0177,0.468,0.0838,0.77,125.003,audio_features,1GZJu6ciZ55S8Kp1s8Z5ex,spotify:track:1GZJu6ciZ55S8Kp1s8Z5ex,https://api.spotify.com/v1/tracks/1GZJu6ciZ55S8Kp1s8Z5ex,https://api.spotify.com/v1/audio-analysis/1GZJu6ciZ55S8Kp1s8Z5ex,236160,4,BEETZ.,It Makes You Forget (Itgehane) - Edit,Peggy Gou
0.675,0.92,0,-7.153,0,0.0539,0.0126,0.117,0.329,0.842,132.001,audio_features,0csz09qS2n8Jo7LogHKu7j,spotify:track:0csz09qS2n8Jo7LogHKu7j,https://api.spotify.com/v1/tracks/0csz09qS2n8Jo7LogHKu7j,https://api.spotify.com/v1/audio-analysis/0csz09qS2n8Jo7LogHKu7j,329280,4,BEETZ.,Tondo,Disclosure
0.735,0.72,1,-7.04,1,0.336,0.00105,0.15,0.382,0.364,124.174,audio_features,303ccTay2FiDTZ9fZ2AdBt,spotify:track:303ccTay2FiDTZ9fZ2AdBt,https://api.spotify.com/v1/tracks/303ccTay2FiDTZ9fZ2AdBt,https://api.spotify.com/v1/audio-analysis/303ccTay2FiDTZ9fZ2AdBt,403293,4,BEETZ.,Music Sounds Better With You,Stardust
0.724,0.603,10,-6.261,0,0.0317,0.183,0.000469,0.0948,0.569,111.493,audio_features,6a88fc0zSrVWGPdoj445nJ,spotify:track:6a88fc0zSrVWGPdoj445nJ,https://api.spotify.com/v1/tracks/6a88fc0zSrVWGPdoj445nJ,https://api.spotify.com/v1/audio-analysis/6a88fc0zSrVWGPdoj445nJ,240880,4,FUNK.,Keep Moving,Jungle
0.797,0.651,0,-6.568,1,0.0439,0.577,0.000182,0.262,0.899,101.032,audio_features,7fxTweRQLu5xIKWSajN7GS,spotify:track:7fxTweRQLu5xIKWSajN7GS,https://api.spotify.com/v1/tracks/7fxTweRQLu5xIKWSajN7GS,https://api.spotify.com/v1/audio-analysis/7fxTweRQLu5xIKWSajN7GS,175307,4,FUNK.,Honesty - Cool Company Remix,Linda Diaz
0.633,0.537,6,-10.45,0,0.0544,0.0141,3.72e-05,0.103,0.889,117.907,audio_features,5uIRujGRZv5t4fGKkUTv4n,spotify:track:5uIRujGRZv5t4fGKkUTv4n,https://api.spotify.com/v1/tracks/5uIRujGRZv5t4fGKkUTv4n,https://api.spotify.com/v1/audio-analysis/5uIRujGRZv5t4fGKkUTv4n,197947,4,FUNK.,Feeling Lonely,boy pablo
0.861,0.533,0,-5.995,1,0.199,0.253,1.71e-06,0.0535,0.61,111.986,audio_features,3BINSFSuHalV8yoX3zAVbl,spotify:track:3BINSFSuHalV8yoX3zAVbl,https://api.spotify.com/v1/tracks/3BINSFSuHalV8yoX3zAVbl,https://api.spotify.com/v1/audio-analysis/3BINSFSuHalV8yoX3zAVbl,211213,4,FUNK.,Juice,Young Franco
0.618,0.477,0,-10.994,1,0.251,0.396,0.0036,0.0728,0.454,106.767,audio_features,7N0Vn5ew5O3Q8j0KtfW3wU,spotify:track:7N0Vn5ew5O3Q8j0KtfW3wU,https://api.spotify.com/v1/tracks/7N0Vn5ew5O3Q8j0KtfW3wU,https://api.spotify.com/v1/audio-analysis/7N0Vn5ew5O3Q8j0KtfW3wU,218224,4,FUNK.,Rollercoaster,Full Crate
0.779,0.733,9,-8.137,0,0.0734,0.0177,0.0011,0.591,0.515,115.009,audio_features,3Tda2M4pWcGwRvME3dGM2K,spotify:track:3Tda2M4pWcGwRvME3dGM2K,https://api.spotify.com/v1/tracks/3Tda2M4pWcGwRvME3dGM2K,https://api.spotify.com/v1/audio-analysis/3Tda2M4pWcGwRvME3dGM2K,178714,4,FUNK.,skeletons,easy life
0.7,0.513,0,-6.845,1,0.0698,0.684,5.23e-05,0.249,0.637,82.006,audio_features,3XHjBo5wg5tvVugQRXkP0P,spotify:track:3XHjBo5wg5tvVugQRXkP0P,https://api.spotify.com/v1/tracks/3XHjBo5wg5tvVugQRXkP0P,https://api.spotify.com/v1/audio-analysis/3XHjBo5wg5tvVugQRXkP0P,155845,4,FUNK.,daydreams,easy life
0.91,0.37,1,-10.731,0,0.0413,0.302,0.00143,0.067,0.962,112.033,audio_features,61au8r2wPFZVPhEG11bQTx,spotify:track:61au8r2wPFZVPhEG11bQTx,https://api.spotify.com/v1/tracks/61au8r2wPFZVPhEG11bQTx,https://api.spotify.com/v1/audio-analysis/61au8r2wPFZVPhEG11bQTx,171696,4,FUNK.,Electric U,Kid Bloom
0.646,0.695,2,-6.34,1,0.0545,0.513,0.00723,0.154,0.514,105.978,audio_features,7CFbh9XfJ40XaYWgCbYX3H,spotify:track:7CFbh9XfJ40XaYWgCbYX3H,https://api.spotify.com/v1/tracks/7CFbh9XfJ40XaYWgCbYX3H,https://api.spotify.com/v1/audio-analysis/7CFbh9XfJ40XaYWgCbYX3H,246815,4,FUNK.,Beat 54 (All Good Now),Jungle
0.843,0.585,1,-14.268,1,0.0652,0.64,0.0456,0.131,0.835,91.937,audio_features,1BXastKgdI3AiFipVt69Fv,spotify:track:1BXastKgdI3AiFipVt69Fv,https://api.spotify.com/v1/tracks/1BXastKgdI3AiFipVt69Fv,https://api.spotify.com/v1/audio-analysis/1BXastKgdI3AiFipVt69Fv,279373,4,FUNK.,Jettin',Digable Planets
0.708,0.598,5,-8.365,1,0.0291,0.037,0.0,0.17,0.698,112.027,audio_features,2sXf2JdbB2GlNju00kw9WE,spotify:track:2sXf2JdbB2GlNju00kw9WE,https://api.spotify.com/v1/tracks/2sXf2JdbB2GlNju00kw9WE,https://api.spotify.com/v1/audio-analysis/2sXf2JdbB2GlNju00kw9WE,203123,4,FUNK.,Skate,Bruno Mars
